symbol,buy_date,sell_date,holding_days,quantity,buy_price,sell_price,buy_cost,sell_proceeds,realized_pnl,return_pct
002475.SZ,2023-01-05,2023-01-23,18,1300,15.14,15.05,19684.15,19537.30,-146.84,-0.75
002475.SZ,2023-01-06,2023-01-23,17,500,15.06,15.05,7534.29,7514.35,-19.94,-0.26
600036.SH,2023-01-05,2023-01-23,18,1600,12.00,12.56,19205.97,20066.75,860.78,4.48
600036.SH,2023-01-06,2023-01-23,17,600,12.05,12.56,7236.67,7525.03,288.36,3.98
600519.SH,2023-01-05,2023-01-23,18,1600,11.97,12.53,19156.65,20019.29,862.64,4.50
600519.SH,2023-01-06,2023-01-23,17,600,11.98,12.53,7195.25,7507.23,311.98,4.34
000001.SZ,2023-01-06,2023-01-24,18,800,10.22,10.04,8178.55,8020.48,-158.07,-1.93
601318.SH,2023-01-06,2023-01-24,18,600,11.96,12.72,7179.17,7619.22,440.05,6.13
000002.SZ,2023-01-24,2023-02-09,16,1700,10.04,10.32,17069.83,17514.26,444.43,2.60
000002.SZ,2023-01-25,2023-02-09,15,1300,10.18,10.32,13240.93,13393.25,152.32,1.15
000002.SZ,2023-01-26,2023-02-09,14,300,10.07,10.32,3026.71,3090.75,64.04,2.12
000002.SZ,2023-01-27,2023-02-09,13,100,10.05,10.32,1010.11,1030.25,20.14,1.99
600519.SH,2023-01-24,2023-02-09,16,1300,12.49,12.79,16236.43,16605.93,369.49,2.28
600519.SH,2023-01-25,2023-02-09,15,1100,12.50,12.79,13751.96,14051.17,299.21,2.18
600519.SH,2023-01-26,2023-02-09,14,200,12.56,12.79,2517.45,2554.76,37.31,1.48
600036.SH,2023-01-25,2023-02-10,16,1000,12.78,13.26,12786.54,13244.47,457.93,3.58
600036.SH,2023-01-26,2023-02-10,15,200,12.74,13.26,2553.93,2648.89,94.96,3.72
601318.SH,2023-01-25,2023-02-10,16,1000,12.71,13.09,12717.24,13074.16,356.92,2.81
601318.SH,2023-01-26,2023-02-10,15,200,12.76,13.09,2556.68,2614.83,58.15,2.27
000002.SZ,2023-02-10,2023-02-28,18,1400,10.29,10.71,14416.90,14980.33,563.43,3.91
000002.SZ,2023-02-13,2023-02-28,15,1400,10.24,10.71,14338.11,14980.33,642.23,4.48
000002.SZ,2023-02-14,2023-02-28,14,300,10.33,10.71,3104.88,3210.07,105.19,3.39
000002.SZ,2023-02-15,2023-02-28,13,100,10.30,10.71,1034.74,1070.02,35.28,3.41
600519.SH,2023-02-10,2023-02-28,18,1100,13.04,13.42,14354.07,14747.24,393.17,2.74
600519.SH,2023-02-13,2023-02-28,15,1100,12.98,13.42,14279.41,14747.24,467.84,3.28
600519.SH,2023-02-14,2023-02-28,14,200,13.04,13.42,2613.08,2681.32,68.23,2.61
600519.SH,2023-02-15,2023-02-28,13,100,12.93,13.42,1298.37,1340.66,42.28,3.26
600036.SH,2023-02-13,2023-03-01,16,1100,13.14,13.18,14457.93,14473.80,15.87,0.11
600036.SH,2023-02-14,2023-03-01,15,200,13.16,13.18,2636.15,2631.60,-4.55,-0.17
600036.SH,2023-02-15,2023-03-01,14,100,13.24,13.18,1329.23,1315.80,-13.43,-1.01
601318.SH,2023-02-13,2023-03-01,16,1100,13.17,13.17,14489.20,14471.93,-17.27,-0.12
601318.SH,2023-02-14,2023-03-01,15,200,13.19,13.17,2643.09,2631.26,-11.83,-0.45
601318.SH,2023-02-15,2023-03-01,14,100,13.12,13.17,1316.70,1315.63,-1.07,-0.08
000001.SZ,2023-03-01,2023-03-03,2,1300,9.88,9.76,12852.50,12664.69,-187.81,-1.46
002475.SZ,2023-03-01,2023-03-03,2,800,14.25,14.04,11407.32,11214.63,-192.70,-1.69
300750.SZ,2023-03-01,2023-03-03,2,800,14.69,14.50,11760.11,11583.19,-176.92,-1.50
600036.SH,2023-03-02,2023-03-06,4,600,13.11,13.09,7872.45,7842.65,-29.79,-0.38
601318.SH,2023-03-02,2023-03-08,6,600,13.15,13.16,7895.07,7887.15,-7.92,-0.10
601318.SH,2023-03-03,2023-03-08,5,200,13.32,13.16,2669.30,2629.05,-40.25,-1.51
601318.SH,2023-03-06,2023-03-08,2,600,13.17,13.16,7905.39,7887.15,-18.24,-0.23
601318.SH,2023-03-07,2023-03-09,2,300,13.28,13.16,3988.41,3940.05,-48.36,-1.21
600519.SH,2023-03-01,2023-03-16,15,1000,13.10,12.98,13100.23,12965.77,-134.46,-1.03
600519.SH,2023-03-02,2023-03-16,14,600,12.94,12.98,7767.71,7779.46,11.76,0.15
600519.SH,2023-03-03,2023-03-16,13,200,13.13,12.98,2630.35,2593.15,-37.19,-1.41
600519.SH,2023-03-06,2023-03-16,10,600,13.12,12.98,7876.31,7779.46,-96.85,-1.23
600519.SH,2023-03-07,2023-03-16,9,300,13.04,12.98,3917.29,3889.73,-27.56,-0.70
600519.SH,2023-03-08,2023-03-16,8,200,12.90,12.98,2585.10,2593.15,8.06,0.31
600519.SH,2023-03-09,2023-03-16,7,400,12.95,12.98,5185.28,5186.31,1.03,0.02
600519.SH,2023-03-10,2023-03-16,6,300,13.01,12.98,3908.85,3889.73,-19.12,-0.49
600519.SH,2023-03-13,2023-03-16,3,200,12.94,12.98,2592.84,2593.15,0.32,0.01
600519.SH,2023-03-14,2023-03-16,2,100,13.09,12.98,1314.00,1296.58,-17.43,-1.33
000002.SZ,2023-03-01,2023-03-17,16,1200,10.52,10.47,12633.60,12548.60,-85.00,-0.67
000002.SZ,2023-03-02,2023-03-17,15,800,10.63,10.47,8508.31,8365.73,-142.58,-1.68
000002.SZ,2023-03-03,2023-03-17,14,200,10.60,10.47,2124.81,2091.43,-33.38,-1.57
000002.SZ,2023-03-06,2023-03-17,11,700,10.73,10.47,7515.77,7320.02,-195.76,-2.60
000002.SZ,2023-03-07,2023-03-17,10,400,10.54,10.47,4220.21,4182.87,-37.34,-0.88
000002.SZ,2023-03-08,2023-03-17,9,200,10.65,10.47,2135.38,2091.43,-43.94,-2.06
000002.SZ,2023-03-09,2023-03-17,8,500,10.70,10.47,5353.94,5228.58,-125.36,-2.34
000002.SZ,2023-03-10,2023-03-17,7,300,10.70,10.47,3214.21,3137.15,-77.06,-2.40
000002.SZ,2023-03-13,2023-03-17,4,200,10.59,10.47,2123.83,2091.43,-32.39,-1.53
000002.SZ,2023-03-14,2023-03-17,3,100,10.70,10.47,1074.60,1045.72,-28.88,-2.69
000002.SZ,2023-03-15,2023-03-17,2,100,10.54,10.47,1058.84,1045.72,-13.12,-1.24
600519.SH,2023-03-15,2023-03-17,2,100,13.02,13.06,1307.19,1299.55,-7.64,-0.58
000001.SZ,2023-03-22,2023-03-24,2,1200,9.75,9.86,11710.22,11815.89,105.67,0.90
000002.SZ,2023-03-24,2023-03-28,4,500,10.48,10.56,5245.10,5268.54,23.43,0.45
000001.SZ,2023-03-28,2023-04-03,6,500,9.86,9.73,4937.30,4855.96,-81.33,-1.65
000001.SZ,2023-03-29,2023-04-03,5,400,9.92,9.73,3973.14,3884.77,-88.37,-2.22
000001.SZ,2023-03-30,2023-04-03,4,200,9.72,9.73,1949.82,1942.38,-7.43,-0.38
000002.SZ,2023-03-29,2023-04-04,6,400,10.53,10.49,4216.77,4187.12,-29.66,-0.70
000002.SZ,2023-03-30,2023-04-04,5,200,10.62,10.49,2128.90,2093.56,-35.34,-1.66
300750.SZ,2023-03-17,2023-04-04,18,700,14.91,14.91,10441.27,10424.46,-16.81,-0.16
300750.SZ,2023-03-20,2023-04-04,15,1200,14.76,14.91,17723.31,17870.50,147.19,0.83
300750.SZ,2023-03-21,2023-04-04,14,1000,14.96,14.91,14966.90,14892.08,-74.82,-0.50
300750.SZ,2023-03-22,2023-04-04,13,800,14.73,14.91,11788.30,11913.67,125.37,1.06
300750.SZ,2023-03-23,2023-04-04,12,500,14.80,14.91,7404.93,7446.04,41.11,0.56
300750.SZ,2023-03-24,2023-04-04,11,400,14.68,14.91,5875.22,5956.83,81.61,1.39
300750.SZ,2023-03-27,2023-04-04,8,400,14.86,14.91,5951.00,5956.83,5.83,0.10
300750.SZ,2023-03-28,2023-04-04,7,300,14.89,14.91,4470.63,4467.63,-3.01,-0.07
300750.SZ,2023-03-29,2023-04-04,6,200,14.83,14.91,2971.45,2978.42,6.97,0.23
300750.SZ,2023-03-30,2023-04-04,5,100,14.96,14.91,1501.39,1489.21,-12.18,-0.81
300750.SZ,2023-04-05,2023-04-07,2,1300,14.69,14.75,19098.55,19152.74,54.20,0.28
000002.SZ,2023-04-06,2023-04-10,4,1100,10.51,10.40,11564.48,11419.57,-144.91,-1.25
300750.SZ,2023-04-06,2023-04-10,4,800,14.70,14.72,11762.88,11756.95,-5.93,-0.05
000001.SZ,2023-03-31,2023-04-13,13,100,9.86,9.96,990.60,994.59,3.99,0.40
000001.SZ,2023-04-04,2023-04-13,9,300,9.97,9.96,2997.07,2983.77,-13.30,-0.44
000001.SZ,2023-04-05,2023-04-13,8,2000,9.93,9.96,19859.50,19891.79,32.29,0.16
000001.SZ,2023-04-06,2023-04-13,7,1200,10.02,9.96,12032.48,11935.07,-97.41,-0.81
000001.SZ,2023-04-07,2023-04-13,6,500,9.90,9.96,4954.14,4972.95,18.81,0.38
000001.SZ,2023-04-10,2023-04-13,3,800,9.93,9.96,7945.71,7956.71,11.00,0.14
000001.SZ,2023-04-11,2023-04-13,2,900,9.95,9.96,8957.06,8951.30,-5.76,-0.06
002475.SZ,2023-04-10,2023-04-13,3,500,14.12,14.04,7063.95,7012.13,-51.82,-0.73
002475.SZ,2023-04-11,2023-04-13,2,700,14.05,14.04,9839.33,9816.98,-22.35,-0.23
000001.SZ,2023-04-12,2023-04-14,2,600,10.03,10.15,6022.58,6079.00,56.42,0.94
002475.SZ,2023-04-12,2023-04-14,2,400,14.02,14.02,5612.70,5595.64,-17.06,-0.30
000002.SZ,2023-04-14,2023-04-19,5,1700,10.63,10.51,18082.36,17836.10,-246.26,-1.36
000002.SZ,2023-04-17,2023-04-19,2,1600,10.52,10.51,16841.24,16786.92,-54.33,-0.32
000002.SZ,2023-04-18,2023-04-20,2,600,10.60,10.44,6367.24,6249.81,-117.44,-1.84
300750.SZ,2023-04-19,2023-04-21,2,200,14.69,14.82,2943.35,2956.77,13.42,0.46
300750.SZ,2023-04-20,2023-04-24,4,500,14.86,14.70,7435.55,7335.65,-99.90,-1.34
000001.SZ,2023-04-17,2023-05-03,16,1700,9.96,10.08,16935.37,17107.58,172.21,1.02
000001.SZ,2023-04-18,2023-05-03,15,700,10.13,10.08,7096.68,7044.30,-52.38,-0.74
000001.SZ,2023-04-19,2023-05-03,14,300,10.04,10.08,3016.91,3018.99,2.07,0.07
000001.SZ,2023-04-20,2023-05-03,13,800,10.13,10.08,8112.03,8050.63,-61.40,-0.76
000001.SZ,2023-04-21,2023-05-03,12,500,9.98,10.08,4994.80,5031.64,36.84,0.74
000001.SZ,2023-04-24,2023-05-03,9,300,9.88,10.08,2968.77,3018.99,50.22,1.69
000001.SZ,2023-04-25,2023-05-03,8,300,9.94,10.08,2985.75,3018.99,33.23,1.11
000001.SZ,2023-04-26,2023-05-03,7,100,9.92,10.08,997.09,1006.33,9.24,0.93
002475.SZ,2023-04-17,2023-05-03,16,1200,14.26,14.46,17122.18,17326.48,204.31,1.19
002475.SZ,2023-04-18,2023-05-03,15,500,14.21,14.46,7108.43,7219.37,110.94,1.56
002475.SZ,2023-04-19,2023-05-03,14,200,14.35,14.46,2874.85,2887.75,12.89,0.45
002475.SZ,2023-04-20,2023-05-03,13,500,14.13,14.46,7068.46,7219.37,150.90,2.13
002475.SZ,2023-04-21,2023-05-03,12,300,14.34,14.46,4308.28,4331.62,23.34,0.54
002475.SZ,2023-04-24,2023-05-03,9,200,14.20,14.46,2844.40,2887.75,43.34,1.52
002475.SZ,2023-04-25,2023-05-03,8,200,14.22,14.46,2849.07,2887.75,38.68,1.36
002475.SZ,2023-04-26,2023-05-03,7,100,14.39,14.46,1444.18,1443.87,-0.31,-0.02
000002.SZ,2023-04-24,2023-05-10,16,300,10.58,10.74,3177.51,3217.03,39.52,1.24
000002.SZ,2023-04-25,2023-05-10,15,300,10.58,10.74,3177.69,3217.03,39.34,1.24
000002.SZ,2023-04-26,2023-05-10,14,100,10.62,10.74,1066.98,1072.34,5.36,0.50
000002.SZ,2023-05-04,2023-05-10,6,1800,10.79,10.74,19430.70,19302.18,-128.52,-0.66
000002.SZ,2023-05-05,2023-05-10,5,700,10.70,10.74,7496.68,7506.40,9.72,0.13
000002.SZ,2023-05-08,2023-05-10,2,300,10.78,10.74,3239.06,3217.03,-22.03,-0.68
000002.SZ,2023-05-09,2023-05-11,2,100,11.18,10.71,1122.88,1065.13,-57.75,-5.14
002475.SZ,2023-05-04,2023-05-11,7,1300,14.61,14.36,18993.52,18645.96,-347.56,-1.83
002475.SZ,2023-05-05,2023-05-11,6,500,14.53,14.36,7268.51,7171.52,-96.99,-1.33
002475.SZ,2023-05-08,2023-05-11,3,200,14.40,14.36,2884.36,2868.61,-15.75,-0.55
002475.SZ,2023-05-09,2023-05-11,2,100,15.02,14.36,1507.27,1434.30,-72.97,-4.84
000002.SZ,2023-05-12,2023-05-16,4,1200,10.83,10.63,13006.12,12734.42,-271.71,-2.09
000001.SZ,2023-05-04,2023-05-17,13,1900,10.10,10.09,19193.60,19142.00,-51.59,-0.27
000001.SZ,2023-05-05,2023-05-17,12,800,9.99,10.09,7995.20,8059.79,64.59,0.81
000001.SZ,2023-05-08,2023-05-17,9,300,10.01,10.09,3007.91,3022.42,14.51,0.48
000001.SZ,2023-05-09,2023-05-17,8,100,10.48,10.09,1052.98,1007.47,-45.51,-4.32
000001.SZ,2023-05-11,2023-05-17,6,800,10.05,10.09,8046.48,8059.79,13.31,0.17
000001.SZ,2023-05-12,2023-05-17,5,1200,9.99,10.09,11997.79,12089.69,91.89,0.77
000001.SZ,2023-05-15,2023-05-17,2,800,10.16,10.09,8134.60,8059.79,-74.81,-0.92
000002.SZ,2023-05-15,2023-05-17,2,700,10.71,10.67,7505.38,7456.96,-48.42,-0.65
000001.SZ,2023-05-16,2023-05-18,2,400,10.07,10.06,4032.23,4013.83,-18.40,-0.46
000002.SZ,2023-05-22,2023-05-25,3,1900,10.83,10.74,20589.68,20374.33,-215.35,-1.05
000002.SZ,2023-05-23,2023-05-25,2,1500,10.73,10.74,16097.50,16085.00,-12.51,-0.08
000002.SZ,2023-05-24,2023-05-26,2,1200,10.74,10.85,12890.46,13002.37,111.91,0.87
000002.SZ,2023-05-29,2023-06-01,3,1900,10.74,10.59,20412.44,20096.13,-316.32,-1.55
000002.SZ,2023-05-30,2023-06-01,2,1500,10.72,10.59,16080.82,15865.36,-215.45,-1.34
000002.SZ,2023-05-31,2023-06-02,2,1200,10.75,10.61,12907.76,12717.25,-190.51,-1.48
002475.SZ,2023-06-01,2023-06-05,4,700,14.29,14.57,10008.14,10185.89,177.74,1.78
000001.SZ,2023-06-02,2023-06-07,5,1600,10.09,10.05,16143.47,16052.04,-91.43,-0.57
000001.SZ,2023-06-05,2023-06-07,2,1500,9.99,10.05,14990.87,15048.79,57.92,0.39
000001.SZ,2023-06-06,2023-06-08,2,1400,9.99,9.95,13993.88,13907.08,-86.81,-0.62
600036.SH,2023-06-07,2023-06-09,2,700,12.33,12.07,8633.39,8437.61,-195.77,-2.27
600036.SH,2023-06-08,2023-06-12,4,800,12.11,12.33,9695.50,9849.07,153.58,1.58
002475.SZ,2023-06-06,2023-06-22,16,1000,14.44,14.71,14443.77,14693.72,249.94,1.73
002475.SZ,2023-06-07,2023-06-22,15,600,14.64,14.71,8787.43,8816.23,28.80,0.33
002475.SZ,2023-06-08,2023-06-22,14,600,14.33,14.71,8605.26,8816.23,210.97,2.45
002475.SZ,2023-06-09,2023-06-22,13,500,14.31,14.71,7162.04,7346.86,184.82,2.58
002475.SZ,2023-06-12,2023-06-22,10,400,14.43,14.71,5778.54,5877.49,98.94,1.71
002475.SZ,2023-06-13,2023-06-22,9,300,14.51,14.71,4357.55,4408.11,50.56,1.16
300750.SZ,2023-06-07,2023-06-23,16,600,14.34,14.91,8608.34,8932.80,324.46,3.77
300750.SZ,2023-06-08,2023-06-23,15,600,14.29,14.91,8579.12,8932.80,353.69,4.12
300750.SZ,2023-06-09,2023-06-23,14,500,14.33,14.91,7170.35,7444.00,273.65,3.82
300750.SZ,2023-06-12,2023-06-23,11,400,14.61,14.91,5850.36,5955.20,104.84,1.79
300750.SZ,2023-06-13,2023-06-23,10,300,14.48,14.91,4349.20,4466.40,117.20,2.69
000001.SZ,2023-06-12,2023-06-28,16,600,10.03,10.30,6025.78,6170.51,144.73,2.40
000001.SZ,2023-06-13,2023-06-28,15,400,10.11,10.30,4050.65,4113.68,63.02,1.56
000001.SZ,2023-06-14,2023-06-28,14,100,10.11,10.30,1016.23,1028.42,12.19,1.20
000001.SZ,2023-06-15,2023-06-28,13,100,10.05,10.30,1009.95,1028.42,18.47,1.83
000001.SZ,2023-06-23,2023-06-28,5,1000,10.18,10.30,10188.83,10284.19,95.36,0.94
000001.SZ,2023-06-26,2023-06-28,2,900,10.23,10.30,9210.81,9255.77,44.96,0.49
600036.SH,2023-06-13,2023-06-29,16,300,12.25,12.28,3678.72,3680.08,1.36,0.04
600036.SH,2023-06-23,2023-06-29,6,800,12.41,12.28,9929.15,9813.54,-115.62,-1.16
600036.SH,2023-06-26,2023-06-29,3,800,12.36,12.28,9889.72,9813.54,-76.18,-0.77
002475.SZ,2023-06-23,2023-07-03,10,700,14.70,14.49,10295.91,10128.36,-167.55,-1.63
002475.SZ,2023-06-26,2023-07-03,7,600,14.53,14.49,8724.28,8681.45,-42.83,-0.49
002475.SZ,2023-06-29,2023-07-03,4,400,14.65,14.49,5863.88,5787.63,-76.24,-1.30
002475.SZ,2023-06-30,2023-07-04,4,300,14.55,14.46,4370.67,4328.97,-41.71,-0.95
000001.SZ,2023-06-29,2023-07-07,8,600,10.36,10.14,6221.03,6078.60,-142.43,-2.29
000001.SZ,2023-06-30,2023-07-07,7,500,10.23,10.14,5121.39,5065.50,-55.89,-1.09
000001.SZ,2023-07-04,2023-07-07,3,500,10.19,10.14,5098.80,5065.50,-33.30,-0.65
000001.SZ,2023-07-05,2023-07-07,2,100,10.12,10.14,1016.74,1013.10,-3.64,-0.36
300750.SZ,2023-06-26,2023-07-10,14,600,14.83,14.65,8900.54,8781.15,-119.39,-1.34
300750.SZ,2023-06-29,2023-07-10,11,400,14.82,14.65,5934.65,5854.10,-80.55,-1.36
300750.SZ,2023-06-30,2023-07-10,10,300,14.76,14.65,4434.29,4390.58,-43.72,-0.99
300750.SZ,2023-07-04,2023-07-10,6,300,14.82,14.65,4451.58,4390.58,-61.01,-1.37
601318.SH,2023-06-23,2023-07-11,18,800,12.11,12.18,9689.10,9730.24,41.14,0.42
601318.SH,2023-06-26,2023-07-11,15,800,12.17,12.18,9741.39,9730.24,-11.15,-0.11
601318.SH,2023-06-29,2023-07-11,12,500,12.24,12.18,6126.82,6081.40,-45.42,-0.74
601318.SH,2023-06-30,2023-07-11,11,400,12.28,12.18,4916.48,4865.12,-51.36,-1.04
601318.SH,2023-07-04,2023-07-11,7,300,12.11,12.18,3637.11,3648.84,11.74,0.32
600036.SH,2023-06-30,2023-07-12,12,400,12.41,12.38,4970.35,4945.51,-24.84,-0.50
600036.SH,2023-07-04,2023-07-12,8,400,12.25,12.38,4904.81,4945.51,40.70,0.83
600036.SH,2023-07-10,2023-07-12,2,300,12.41,12.38,3728.11,3709.13,-18.98,-0.51
601318.SH,2023-07-10,2023-07-12,2,300,12.13,12.08,3644.60,3616.39,-28.21,-0.77
600036.SH,2023-07-11,2023-07-13,2,400,12.40,12.39,4963.87,4945.84,-18.03,-0.36
000001.SZ,2023-07-12,2023-07-14,2,900,10.13,10.21,9119.41,9174.95,55.54,0.61
000002.SZ,2023-06-29,2023-07-14,15,600,10.45,10.48,6272.98,6282.40,9.41,0.15
000002.SZ,2023-07-04,2023-07-14,10,500,10.69,10.48,5350.89,5235.33,-115.56,-2.16
000002.SZ,2023-07-10,2023-07-14,4,400,10.61,10.48,4247.61,4188.26,-59.34,-1.40
000002.SZ,2023-07-11,2023-07-14,3,500,10.68,10.48,5344.67,5235.33,-109.34,-2.05
000002.SZ,2023-07-12,2023-07-14,2,800,10.59,10.48,8473.90,8376.53,-97.37,-1.15
000002.SZ,2023-07-13,2023-07-17,4,700,10.47,10.62,7335.92,7424.78,88.86,1.21
600519.SH,2023-07-04,2023-07-18,14,400,11.75,11.64,4704.64,4648.26,-56.38,-1.20
600519.SH,2023-07-10,2023-07-18,8,300,11.89,11.64,3571.12,3486.20,-84.92,-2.38
600519.SH,2023-07-11,2023-07-18,7,500,11.81,11.64,5909.34,5810.33,-99.01,-1.68
600519.SH,2023-07-12,2023-07-18,6,800,11.79,11.64,9438.83,9296.53,-142.31,-1.51
600519.SH,2023-07-13,2023-07-18,5,600,11.70,11.64,7024.09,6972.39,-51.69,-0.74
600519.SH,2023-07-14,2023-07-18,4,300,11.67,11.64,3507.26,3486.20,-21.06,-0.60
000001.SZ,2023-07-17,2023-07-19,2,1000,10.15,10.37,10152.56,10350.69,198.13,1.95
600519.SH,2023-07-17,2023-07-19,2,800,11.68,11.72,9347.98,9362.80,14.82,0.16
601318.SH,2023-07-13,2023-07-19,6,600,12.20,12.03,7326.96,7209.89,-117.08,-1.60
601318.SH,2023-07-14,2023-07-19,5,300,12.22,12.03,3669.58,3604.94,-64.64,-1.76
601318.SH,2023-07-17,2023-07-19,2,800,12.08,12.03,9665.30,9613.18,-52.12,-0.54
601318.SH,2023-07-18,2023-07-20,2,400,12.11,12.14,4849.04,4846.05,-2.99,-0.06
000001.SZ,2023-07-20,2023-07-24,4,1900,10.11,10.31,19221.27,19557.21,335.93,1.75
002475.SZ,2023-07-20,2023-07-24,4,1300,14.66,14.51,19069.19,18844.05,-225.14,-1.18
600519.SH,2023-07-20,2023-07-24,4,1600,11.71,11.89,18735.20,18999.39,264.19,1.41
002475.SZ,2023-07-21,2023-07-25,4,600,14.43,14.58,8665.95,8734.39,68.44,0.79
000001.SZ,2023-07-25,2023-07-27,2,1800,10.20,10.22,18370.33,18373.27,2.94,0.02
600519.SH,2023-07-25,2023-07-27,2,1600,11.85,11.78,18971.12,18830.87,-140.25,-0.74
000001.SZ,2023-07-26,2023-07-28,2,900,10.30,10.29,9273.64,9246.08,-27.55,-0.30
600519.SH,2023-07-26,2023-07-28,2,800,11.70,11.67,9363.60,9324.74,-38.86,-0.42
000001.SZ,2023-08-01,2023-08-04,3,500,10.65,10.18,5332.34,5080.70,-251.64,-4.72
000001.SZ,2023-08-02,2023-08-04,2,200,10.31,10.18,2066.16,2032.28,-33.88,-1.64
300750.SZ,2023-08-02,2023-08-04,2,100,14.53,14.36,1458.46,1430.05,-28.41,-1.95
600036.SH,2023-08-02,2023-08-04,2,200,12.19,12.09,2442.98,2410.88,-32.10,-1.31
600519.SH,2023-08-02,2023-08-04,2,200,11.81,11.61,2367.69,2314.29,-53.40,-2.26
601318.SH,2023-08-02,2023-08-04,2,200,12.01,11.87,2407.38,2366.49,-40.89,-1.70
002475.SZ,2023-07-26,2023-08-09,14,600,14.53,14.64,8724.09,8769.66,45.57,0.52
002475.SZ,2023-07-28,2023-08-09,12,600,14.39,14.64,8640.36,8769.66,129.30,1.50
002475.SZ,2023-07-31,2023-08-09,9,600,14.54,14.64,8729.82,8769.66,39.84,0.46
002475.SZ,2023-08-01,2023-08-09,8,400,15.16,14.64,6069.96,5846.44,-223.52,-3.68
002475.SZ,2023-08-07,2023-08-09,2,200,14.50,14.64,2905.13,2923.22,18.09,0.62
000002.SZ,2023-07-25,2023-08-10,16,1800,10.68,10.85,19230.14,19504.58,274.44,1.43
000002.SZ,2023-07-26,2023-08-10,15,900,10.73,10.85,9661.30,9752.29,90.99,0.94
000002.SZ,2023-07-27,2023-08-10,14,200,10.58,10.85,2120.03,2167.18,47.15,2.22
000002.SZ,2023-07-28,2023-08-10,13,800,10.62,10.85,8498.93,8668.70,169.77,2.00
000002.SZ,2023-07-31,2023-08-10,10,800,10.81,10.85,8652.93,8668.70,15.77,0.18
000002.SZ,2023-08-01,2023-08-10,9,500,11.03,10.85,5519.10,5417.94,-101.16,-1.83
000002.SZ,2023-08-02,2023-08-10,8,200,10.79,10.85,2163.58,2167.18,3.60,0.17
000002.SZ,2023-08-07,2023-08-10,3,200,10.83,10.85,2171.35,2167.18,-4.18,-0.19
000002.SZ,2023-08-08,2023-08-10,2,200,10.68,10.85,2141.71,2167.18,25.47,1.19
002475.SZ,2023-08-08,2023-08-10,2,100,14.61,14.62,1465.92,1455.57,-10.34,-0.71
000001.SZ,2023-08-08,2023-08-24,16,200,10.32,10.62,2069.30,2121.18,51.88,2.51
000001.SZ,2023-08-10,2023-08-24,14,700,10.43,10.62,7308.21,7424.14,115.94,1.59
000001.SZ,2023-08-11,2023-08-24,13,1800,10.30,10.62,18545.73,19090.65,544.92,2.94
000001.SZ,2023-08-14,2023-08-24,10,1100,10.33,10.62,11371.83,11666.51,294.67,2.59
000001.SZ,2023-08-15,2023-08-24,9,700,10.24,10.62,7173.27,7424.14,250.87,3.50
000001.SZ,2023-08-16,2023-08-24,8,400,10.35,10.62,4143.13,4242.37,99.23,2.40
000001.SZ,2023-08-17,2023-08-24,7,200,10.42,10.62,2088.77,2121.18,32.41,1.55
000001.SZ,2023-08-18,2023-08-24,6,100,10.30,10.62,1034.88,1060.59,25.71,2.48
000001.SZ,2023-08-21,2023-08-24,3,100,10.39,10.62,1043.66,1060.59,16.93,1.62
000001.SZ,2023-08-22,2023-08-24,2,100,10.41,10.62,1046.32,1060.59,14.27,1.36
000002.SZ,2023-08-11,2023-08-29,18,1700,10.72,11.12,18225.61,18871.52,645.91,3.54
000002.SZ,2023-08-14,2023-08-29,15,1000,10.85,11.12,10857.73,11100.90,243.16,2.24
000002.SZ,2023-08-15,2023-08-29,14,600,10.74,11.12,6448.79,6660.54,211.75,3.28
000002.SZ,2023-08-16,2023-08-29,13,400,10.68,11.12,4278.36,4440.36,161.99,3.79
000002.SZ,2023-08-17,2023-08-29,12,200,10.78,11.12,2161.52,2220.18,58.66,2.71
000002.SZ,2023-08-18,2023-08-29,11,100,10.97,11.12,1101.96,1110.09,8.13,0.74
000002.SZ,2023-08-21,2023-08-29,8,100,10.79,11.12,1083.89,1110.09,26.20,2.42
000002.SZ,2023-08-22,2023-08-29,7,100,10.82,11.12,1086.53,1110.09,23.56,2.17
000002.SZ,2023-08-25,2023-08-29,4,1100,11.07,11.12,12186.73,12210.99,24.25,0.20
000002.SZ,2023-08-28,2023-08-30,2,400,11.20,11.06,4484.14,4416.44,-67.70,-1.51
002475.SZ,2023-08-25,2023-09-07,13,800,14.59,14.60,11677.35,11662.07,-15.29,-0.13
002475.SZ,2023-08-28,2023-09-07,10,300,14.82,14.60,4451.61,4373.27,-78.33,-1.76
002475.SZ,2023-08-29,2023-09-07,9,100,14.63,14.60,1467.90,1457.76,-10.15,-0.69
002475.SZ,2023-08-30,2023-09-07,8,900,14.78,14.60,13309.43,13119.82,-189.61,-1.42
002475.SZ,2023-08-31,2023-09-07,7,600,14.80,14.60,8887.55,8746.55,-141.00,-1.59
002475.SZ,2023-09-01,2023-09-07,6,200,14.66,14.60,2936.25,2915.52,-20.73,-0.71
002475.SZ,2023-09-04,2023-09-07,3,100,14.64,14.60,1468.92,1457.76,-11.16,-0.76
000001.SZ,2023-08-25,2023-09-12,18,1100,10.48,10.85,11534.57,11915.53,380.96,3.30
000001.SZ,2023-08-28,2023-09-12,15,400,10.49,10.85,4199.64,4332.92,133.28,3.17
000001.SZ,2023-08-29,2023-09-12,14,200,10.55,10.85,2115.22,2166.46,51.24,2.42
000001.SZ,2023-08-30,2023-09-12,13,1200,10.39,10.85,12470.04,12998.76,528.72,4.24
000001.SZ,2023-08-31,2023-09-12,12,800,10.52,10.85,8419.74,8665.84,246.10,2.92
000001.SZ,2023-09-01,2023-09-12,11,300,10.50,10.85,3155.73,3249.69,93.97,2.98
000001.SZ,2023-09-04,2023-09-12,8,100,10.48,10.85,1052.57,1083.23,30.66,2.91
000001.SZ,2023-09-05,2023-09-12,7,100,10.57,10.85,1061.71,1083.23,21.52,2.03
000001.SZ,2023-09-08,2023-09-12,4,900,10.64,10.85,9584.98,9749.07,164.09,1.71
000001.SZ,2023-09-11,2023-09-13,2,500,10.83,10.70,5420.55,5341.59,-78.96,-1.46
000002.SZ,2023-08-31,2023-09-18,18,800,11.18,11.47,8951.61,9165.35,213.74,2.39
000002.SZ,2023-09-01,2023-09-18,17,300,11.25,11.47,3380.49,3437.01,56.52,1.67
000002.SZ,2023-09-04,2023-09-18,14,100,11.33,11.47,1137.76,1145.67,7.91,0.69
000002.SZ,2023-09-05,2023-09-18,13,100,11.27,11.47,1131.53,1145.67,14.14,1.25
000002.SZ,2023-09-08,2023-09-18,10,800,11.24,11.47,8994.06,9165.35,171.30,1.90
000002.SZ,2023-09-11,2023-09-18,7,500,11.26,11.47,5633.73,5728.35,94.62,1.68
000002.SZ,2023-09-12,2023-09-18,6,300,11.27,11.47,3385.72,3437.01,51.29,1.51
000002.SZ,2023-09-13,2023-09-18,5,1200,11.23,11.47,13483.89,13748.03,264.14,1.96
000002.SZ,2023-09-14,2023-09-18,4,1100,11.36,11.47,12499.52,12602.36,102.84,0.82
000002.SZ,2023-09-15,2023-09-19,4,600,11.39,11.50,6836.06,6888.92,52.86,0.77
000002.SZ,2023-09-20,2023-09-27,7,1200,11.26,11.36,13513.12,13619.94,106.82,0.79
000002.SZ,2023-09-21,2023-09-27,6,700,11.32,11.36,7930.36,7944.96,14.60,0.18
000002.SZ,2023-09-22,2023-09-27,5,400,11.21,11.36,4490.23,4539.98,49.75,1.11
000002.SZ,2023-09-25,2023-09-27,2,300,11.22,11.36,3370.52,3404.98,34.46,1.02
000001.SZ,2023-09-14,2023-10-02,18,1100,10.68,10.80,11754.36,11864.45,110.09,0.94
000001.SZ,2023-09-15,2023-10-02,17,700,10.63,10.80,7447.20,7550.10,102.90,1.38
000001.SZ,2023-09-18,2023-10-02,14,400,10.67,10.80,4271.14,4314.34,43.21,1.01
000001.SZ,2023-09-19,2023-10-02,13,1400,10.81,10.80,15135.29,15100.21,-35.09,-0.23
000001.SZ,2023-09-20,2023-10-02,12,1300,10.71,10.80,13925.48,14021.62,96.14,0.69
000001.SZ,2023-09-21,2023-10-02,11,800,10.88,10.80,8710.58,8628.69,-81.90,-0.94
000001.SZ,2023-09-22,2023-10-02,10,400,10.78,10.80,4316.01,4314.34,-1.67,-0.04
000001.SZ,2023-09-25,2023-10-02,7,300,10.76,10.80,3234.04,3235.76,1.72,0.05
000001.SZ,2023-09-26,2023-10-02,6,200,10.70,10.80,2145.65,2157.17,11.53,0.54
000001.SZ,2023-09-27,2023-10-02,5,100,10.65,10.80,1070.37,1078.59,8.22,0.77
000001.SZ,2023-09-28,2023-10-02,4,600,10.75,10.80,6454.36,6471.52,17.16,0.27
000001.SZ,2023-09-29,2023-10-03,4,400,10.66,10.82,4268.26,4319.89,51.63,1.21
000001.SZ,2023-10-04,2023-10-06,2,1400,10.70,10.71,14980.40,14974.42,-5.98,-0.04
000002.SZ,2023-09-26,2023-10-06,10,200,11.23,11.41,2250.18,2279.63,29.45,1.31
000002.SZ,2023-09-28,2023-10-06,8,600,11.35,11.41,6817.24,6838.89,21.64,0.32
000002.SZ,2023-09-29,2023-10-06,7,300,11.45,11.41,3439.24,3419.44,-19.79,-0.58
000002.SZ,2023-10-02,2023-10-06,4,200,11.39,11.41,2282.31,2279.63,-2.68,-0.12
000002.SZ,2023-10-03,2023-10-06,3,1500,11.49,11.41,17238.43,17097.22,-141.20,-0.82
000002.SZ,2023-10-04,2023-10-06,2,1300,11.29,11.41,14683.56,14817.59,134.03,0.91
000002.SZ,2023-10-09,2023-10-19,10,1900,11.38,11.41,21629.89,21643.75,13.86,0.06
000002.SZ,2023-10-10,2023-10-19,9,1500,11.41,11.41,17121.77,17087.17,-34.60,-0.20
000002.SZ,2023-10-11,2023-10-19,8,1200,11.47,11.41,13765.15,13669.74,-95.41,-0.69
000002.SZ,2023-10-12,2023-10-19,7,900,11.38,11.41,10242.91,10252.30,9.39,0.09
000002.SZ,2023-10-13,2023-10-19,6,800,11.37,11.41,9103.21,9113.16,9.95,0.11
000002.SZ,2023-10-16,2023-10-19,3,300,11.49,11.41,3451.58,3417.43,-34.15,-0.99
000002.SZ,2023-10-17,2023-10-19,2,200,11.49,11.41,2303.68,2278.29,-25.39,-1.10
300750.SZ,2023-10-13,2023-10-20,7,600,13.72,13.46,8235.33,8062.08,-173.25,-2.10
300750.SZ,2023-10-17,2023-10-20,3,200,13.79,13.46,2762.47,2687.36,-75.11,-2.72
300750.SZ,2023-10-18,2023-10-20,2,100,13.78,13.46,1383.02,1343.68,-39.34,-2.84
000002.SZ,2023-10-18,2023-10-25,7,100,11.32,11.57,1137.16,1155.67,18.50,1.63
000002.SZ,2023-10-20,2023-10-25,5,1400,11.35,11.57,15888.66,16179.35,290.69,1.83
000002.SZ,2023-10-23,2023-10-25,2,1000,11.44,11.57,11449.53,11556.68,107.15,0.94
000002.SZ,2023-10-24,2023-10-26,2,600,11.45,11.55,6876.51,6917.78,41.26,0.60
000001.SZ,2023-10-13,2023-10-31,18,800,10.84,11.15,8677.80,8906.43,228.63,2.63
000001.SZ,2023-10-16,2023-10-31,15,300,10.82,11.15,3250.74,3339.91,89.17,2.74
000001.SZ,2023-10-17,2023-10-31,14,200,10.79,11.15,2163.13,2226.61,63.48,2.93
000001.SZ,2023-10-18,2023-10-31,13,100,10.85,11.15,1089.81,1113.30,23.50,2.16
000001.SZ,2023-10-20,2023-10-31,11,1500,10.76,11.15,16144.34,16699.56,555.22,3.44
000001.SZ,2023-10-23,2023-10-31,8,1100,10.90,11.15,11993.15,12246.34,253.20,2.11
000001.SZ,2023-10-24,2023-10-31,7,600,11.09,11.15,6657.15,6679.82,22.68,0.34
000001.SZ,2023-10-25,2023-10-31,6,200,11.12,11.15,2229.66,2226.61,-3.05,-0.14
000001.SZ,2023-10-26,2023-10-31,5,500,11.07,11.15,5537.51,5566.52,29.01,0.52
000001.SZ,2023-10-27,2023-10-31,4,100,11.16,11.15,1120.92,1113.30,-7.62,-0.68
600036.SH,2023-10-24,2023-11-09,16,600,11.02,11.21,6618.35,6714.41,96.06,1.45
600036.SH,2023-10-25,2023-11-09,15,100,11.05,11.21,1110.30,1119.07,8.77,0.79
600036.SH,2023-10-26,2023-11-09,14,500,11.25,11.21,5630.64,5595.34,-35.30,-0.63
600036.SH,2023-10-27,2023-11-09,13,100,11.21,11.21,1125.52,1119.07,-6.45,-0.57
600036.SH,2023-11-01,2023-11-09,8,1100,11.23,11.21,12354.47,12309.74,-44.73,-0.36
601318.SH,2023-10-24,2023-11-09,16,600,10.95,11.04,6573.34,6613.51,40.17,0.61
601318.SH,2023-10-25,2023-11-09,15,200,11.01,11.04,2206.84,2204.50,-2.34,-0.11
601318.SH,2023-10-26,2023-11-09,14,600,11.02,11.04,6618.57,6613.51,-5.06,-0.08
601318.SH,2023-10-27,2023-11-09,13,100,11.02,11.04,1107.29,1102.25,-5.04,-0.45
601318.SH,2023-11-01,2023-11-09,8,200,10.92,11.04,2188.38,2204.50,16.13,0.74
300750.SZ,2023-10-25,2023-11-10,16,100,13.75,13.75,1380.08,1373.43,-6.65,-0.48
300750.SZ,2023-10-26,2023-11-10,15,400,13.82,13.75,5532.33,5493.72,-38.61,-0.70
300750.SZ,2023-10-27,2023-11-10,14,100,13.64,13.75,1368.71,1373.43,4.72,0.34
300750.SZ,2023-11-01,2023-11-10,9,900,13.80,13.75,12426.46,12360.87,-65.59,-0.53
600519.SH,2023-10-26,2023-11-13,18,600,10.64,11.09,6390.97,6646.47,255.50,4.00
600519.SH,2023-10-27,2023-11-13,17,100,10.76,11.09,1080.57,1107.75,27.18,2.51
600519.SH,2023-11-01,2023-11-13,12,1100,10.71,11.09,11789.46,12185.20,395.74,3.36
000002.SZ,2023-10-27,2023-11-14,18,100,11.70,11.61,1175.44,1159.92,-15.52,-1.32
000002.SZ,2023-11-01,2023-11-14,13,1000,11.55,11.61,11559.44,11599.21,39.77,0.34
000002.SZ,2023-11-10,2023-11-14,4,800,11.62,11.61,9299.62,9279.37,-20.25,-0.22
600519.SH,2023-11-10,2023-11-14,4,800,10.93,10.91,8745.65,8715.41,-30.24,-0.35
000002.SZ,2023-11-13,2023-11-15,2,200,11.58,11.37,2321.67,2267.66,-54.01,-2.33
000001.SZ,2023-11-01,2023-11-17,16,1100,11.25,11.18,12380.45,12278.13,-102.32,-0.83
000001.SZ,2023-11-10,2023-11-17,7,800,11.20,11.18,8967.06,8929.55,-37.51,-0.42
000001.SZ,2023-11-13,2023-11-17,4,200,11.05,11.18,2214.09,2232.39,18.30,0.83
000001.SZ,2023-11-14,2023-11-17,3,400,11.27,11.18,4512.04,4464.77,-47.27,-1.05
000001.SZ,2023-11-15,2023-11-17,2,600,11.11,11.18,6671.99,6697.16,25.17,0.38
000001.SZ,2023-11-21,2023-11-23,2,100,11.57,11.04,1161.76,1098.16,-63.59,-5.47
002475.SZ,2023-11-10,2023-11-23,13,600,13.88,14.02,8331.24,8398.74,67.50,0.81
002475.SZ,2023-11-13,2023-11-23,10,100,14.12,14.02,1417.16,1399.79,-17.37,-1.23
002475.SZ,2023-11-14,2023-11-23,9,300,14.03,14.02,4212.75,4199.37,-13.38,-0.32
002475.SZ,2023-11-15,2023-11-23,8,500,13.85,14.02,6928.67,6998.95,70.28,1.01
002475.SZ,2023-11-20,2023-11-23,3,500,14.05,14.02,7030.89,6998.95,-31.94,-0.45
002475.SZ,2023-11-21,2023-11-23,2,100,14.67,14.02,1471.81,1399.79,-72.02,-4.89
002475.SZ,2023-11-24,2023-11-28,4,400,13.99,13.99,5600.41,5585.57,-14.84,-0.26
600036.SH,2023-11-10,2023-11-28,18,800,11.22,11.73,8983.28,9372.68,389.40,4.33
600036.SH,2023-11-13,2023-11-28,15,200,11.39,11.73,2283.02,2343.17,60.15,2.63
600036.SH,2023-11-14,2023-11-28,14,400,11.43,11.73,4578.38,4686.34,107.96,2.36
600036.SH,2023-11-15,2023-11-28,13,600,11.51,11.73,6909.88,7029.51,119.63,1.73
600036.SH,2023-11-20,2023-11-28,8,600,11.55,11.73,6936.32,7029.51,93.19,1.34
600036.SH,2023-11-21,2023-11-28,7,100,11.83,11.73,1187.83,1171.58,-16.25,-1.37
600036.SH,2023-11-24,2023-11-28,4,600,11.71,11.73,7029.08,7029.51,0.43,0.01
601318.SH,2023-11-10,2023-11-28,18,800,11.02,11.67,8824.64,9324.10,499.47,5.66
601318.SH,2023-11-13,2023-11-28,15,200,11.15,11.67,2234.69,2331.03,96.33,4.31
601318.SH,2023-11-14,2023-11-28,14,400,11.18,11.67,4478.57,4662.05,183.48,4.10
601318.SH,2023-11-15,2023-11-28,13,600,11.29,11.67,6781.85,6993.08,211.23,3.11
601318.SH,2023-11-20,2023-11-28,8,600,11.27,11.67,6765.86,6993.08,227.22,3.36
601318.SH,2023-11-21,2023-11-28,7,100,11.72,11.67,1177.26,1165.51,-11.74,-1.00
601318.SH,2023-11-24,2023-11-28,4,600,11.56,11.67,6941.64,6993.08,51.43,0.74
600036.SH,2023-11-27,2023-11-29,2,100,11.53,11.78,1158.21,1172.03,13.83,1.19
601318.SH,2023-11-27,2023-11-29,2,100,11.55,11.64,1159.90,1157.85,-2.05,-0.18
000001.SZ,2023-11-29,2023-12-01,2,1500,11.12,11.17,16690.09,16739.37,49.28,0.30
600519.SH,2023-11-15,2023-12-01,16,600,10.98,11.42,6593.46,6842.01,248.54,3.77
600519.SH,2023-11-20,2023-12-01,11,700,11.23,11.42,7866.18,7982.34,116.16,1.48
600519.SH,2023-11-21,2023-12-01,10,100,11.56,11.42,1161.32,1140.33,-20.99,-1.81
600519.SH,2023-11-24,2023-12-01,7,600,11.44,11.42,6868.19,6842.01,-26.18,-0.38
600519.SH,2023-11-29,2023-12-01,2,1500,11.41,11.42,17123.12,17105.01,-18.11,-0.11
600519.SH,2023-11-30,2023-12-04,4,600,11.47,11.66,6885.48,6983.30,97.82,1.42
000001.SZ,2023-12-05,2023-12-07,2,600,11.25,11.11,6752.09,6653.43,-98.66,-1.46
000001.SZ,2023-12-08,2023-12-12,4,100,11.30,11.22,1134.98,1116.37,-18.61,-1.64
000002.SZ,2023-11-27,2023-12-13,16,100,11.60,11.96,1165.34,1194.80,29.46,2.53
000002.SZ,2023-11-29,2023-12-13,14,1500,11.66,11.96,17490.51,17922.04,431.53,2.47
000002.SZ,2023-11-30,2023-12-13,13,600,11.81,11.96,7089.58,7168.81,79.24,1.12
000002.SZ,2023-12-01,2023-12-13,12,100,11.69,11.96,1174.29,1194.80,20.51,1.75
000002.SZ,2023-12-04,2023-12-13,9,1000,11.71,11.96,11712.61,11948.02,235.42,2.01
000002.SZ,2023-12-05,2023-12-13,8,600,11.84,11.96,7111.04,7168.81,57.77,0.81
000002.SZ,2023-12-08,2023-12-13,5,100,11.87,11.96,1191.70,1194.80,3.10,0.26
600036.SH,2023-11-30,2023-12-18,18,600,11.71,12.27,7030.80,7353.61,322.81,4.59
600036.SH,2023-12-01,2023-12-18,17,100,11.86,12.27,1191.16,1225.60,34.44,2.89
600036.SH,2023-12-04,2023-12-18,14,1000,11.79,12.27,11798.87,12256.02,457.15,3.87
600036.SH,2023-12-05,2023-12-18,13,600,11.92,12.27,7158.04,7353.61,195.58,2.73
600036.SH,2023-12-08,2023-12-18,10,100,12.12,12.27,1216.81,1225.60,8.79,0.72
600036.SH,2023-12-14,2023-12-18,4,800,12.32,12.27,9858.42,9804.82,-53.60,-0.54
601318.SH,2023-11-30,2023-12-18,18,600,11.68,12.24,7014.07,7333.13,319.06,4.55
601318.SH,2023-12-01,2023-12-18,17,100,11.75,12.24,1179.94,1222.19,42.25,3.58
601318.SH,2023-12-04,2023-12-18,14,1000,11.79,12.24,11796.82,12221.88,425.06,3.60
601318.SH,2023-12-05,2023-12-18,13,500,11.86,12.24,5935.29,6110.94,175.65,2.96
601318.SH,2023-12-08,2023-12-18,10,100,11.95,12.24,1199.78,1222.19,22.41,1.87
601318.SH,2023-12-14,2023-12-18,4,800,12.15,12.24,9722.97,9777.50,54.53,0.56
600036.SH,2023-12-15,2023-12-19,4,200,12.33,12.51,2471.49,2494.45,22.96,0.93
601318.SH,2023-12-15,2023-12-19,4,200,12.30,12.20,2465.14,2433.52,-31.62,-1.28
600519.SH,2023-12-05,2023-12-21,16,600,11.75,12.22,7057.25,7324.34,267.09,3.78
600519.SH,2023-12-08,2023-12-21,13,100,11.83,12.22,1187.63,1220.72,33.10,2.79
600519.SH,2023-12-14,2023-12-21,7,800,12.00,12.22,9601.54,9765.79,164.25,1.71
600519.SH,2023-12-15,2023-12-21,6,200,12.09,12.22,2422.92,2441.45,18.52,0.76
600519.SH,2023-12-19,2023-12-21,2,1300,12.27,12.22,15954.21,15869.41,-84.80,-0.53
600519.SH,2023-12-20,2023-12-22,2,600,12.35,12.30,7414.95,7367.75,-47.20,-0.64
002475.SZ,2023-12-20,2023-12-26,6,100,13.98,13.93,1403.18,1391.11,-12.08,-0.86
002475.SZ,2023-12-22,2023-12-26,4,500,14.04,13.93,7026.77,6955.53,-71.24,-1.01
002475.SZ,2023-12-25,2023-12-27,2,100,13.82,13.88,1386.67,1381.88,-4.79,-0.35
000002.SZ,2023-12-14,2023-12-28,14,800,11.86,11.75,9489.14,9386.82,-102.32,-1.08
000002.SZ,2023-12-15,2023-12-28,13,200,11.92,11.75,2389.87,2346.70,-43.17,-1.81
000002.SZ,2023-12-19,2023-12-28,9,1300,11.80,11.75,15343.12,15253.58,-89.54,-0.58
000002.SZ,2023-12-20,2023-12-28,8,600,11.74,11.75,7046.34,7040.11,-6.22,-0.09
000002.SZ,2023-12-22,2023-12-28,6,600,11.84,11.75,7109.27,7040.11,-69.16,-0.97
000002.SZ,2023-12-25,2023-12-28,3,100,11.88,11.75,1193.17,1173.35,-19.81,-1.66
000002.SZ,2023-12-27,2024-01-01,5,100,11.79,11.85,1184.20,1178.55,-5.65,-0.48
000002.SZ,2023-12-29,2024-01-02,4,700,11.89,11.88,8328.11,8301.80,-26.31,-0.32
000001.SZ,2023-12-19,2024-01-04,16,1400,11.18,11.34,15650.49,15851.77,201.29,1.29
000001.SZ,2023-12-20,2024-01-04,15,600,11.18,11.34,6711.63,6793.62,81.99,1.22
000001.SZ,2023-12-22,2024-01-04,13,600,11.30,11.34,6782.29,6793.62,11.32,0.17
000001.SZ,2023-12-25,2024-01-04,10,100,11.25,11.34,1130.18,1132.27,2.09,0.18
000001.SZ,2023-12-27,2024-01-04,8,200,11.41,11.34,2286.64,2264.54,-22.10,-0.97
000001.SZ,2023-12-29,2024-01-04,6,800,11.32,11.34,9059.88,9058.16,-1.72,-0.02
000001.SZ,2024-01-03,2024-01-05,2,100,11.41,11.27,1146.40,1120.50,-25.90,-2.26
600036.SH,2023-12-20,2024-01-05,16,600,12.55,12.77,7534.06,7653.86,119.80,1.59
600036.SH,2023-12-22,2024-01-05,14,500,12.63,12.77,6318.53,6378.22,59.69,0.94
600036.SH,2023-12-25,2024-01-05,11,100,12.48,12.77,1252.93,1275.64,22.71,1.81
600036.SH,2023-12-27,2024-01-05,9,100,12.74,12.77,1278.76,1275.64,-3.12,-0.24
600036.SH,2023-12-29,2024-01-05,7,700,12.55,12.77,8791.43,8929.50,138.07,1.57
600036.SH,2024-01-03,2024-01-05,2,100,12.65,12.77,1270.36,1275.64,5.28,0.42
601318.SH,2023-12-20,2024-01-05,16,600,12.36,12.89,7420.35,7721.90,301.55,4.06
601318.SH,2023-12-22,2024-01-05,14,500,12.37,12.89,6188.90,6434.92,246.01,3.98
601318.SH,2023-12-25,2024-01-05,11,100,12.50,12.89,1254.61,1286.98,32.37,2.58
601318.SH,2023-12-27,2024-01-05,9,100,12.53,12.89,1257.67,1286.98,29.31,2.33
601318.SH,2023-12-29,2024-01-05,7,100,12.80,12.89,1284.93,1286.98,2.06,0.16
601318.SH,2024-01-03,2024-01-05,2,100,12.72,12.89,1277.33,1286.98,9.66,0.76
600519.SH,2023-12-25,2024-01-10,16,100,12.30,12.74,1234.57,1272.32,37.75,3.06
600519.SH,2023-12-27,2024-01-10,14,100,12.53,12.74,1257.57,1272.32,14.75,1.17
600519.SH,2023-12-29,2024-01-10,12,700,12.63,12.74,8847.20,8906.25,59.04,0.67
600519.SH,2024-01-03,2024-01-10,7,100,12.57,12.74,1262.05,1272.32,10.27,0.81
600519.SH,2024-01-05,2024-01-10,5,700,12.78,12.74,8948.73,8906.25,-42.49,-0.47
600519.SH,2024-01-08,2024-01-10,2,1100,12.83,12.74,14114.82,13995.53,-119.29,-0.85
600519.SH,2024-01-09,2024-01-11,2,200,12.72,12.80,2549.19,2552.25,3.06,0.12
300750.SZ,2023-12-27,2024-01-12,16,100,13.42,13.53,1346.57,1350.99,4.42,0.33
300750.SZ,2023-12-29,2024-01-12,14,700,13.33,13.53,9335.05,9456.96,121.91,1.31
300750.SZ,2024-01-03,2024-01-12,9,100,13.37,13.53,1341.51,1350.99,9.48,0.71
300750.SZ,2024-01-05,2024-01-12,7,600,13.39,13.53,8036.46,8105.96,69.50,0.86
300750.SZ,2024-01-08,2024-01-12,4,1100,13.42,13.53,14768.95,14860.94,91.99,0.62
300750.SZ,2024-01-09,2024-01-12,3,200,13.41,13.53,2686.06,2701.99,15.93,0.59
300750.SZ,2024-01-10,2024-01-12,2,100,13.38,13.53,1342.52,1350.99,8.47,0.63
300750.SZ,2024-01-11,2024-01-15,4,600,13.60,13.54,8165.70,8111.81,-53.89,-0.66
600036.SH,2024-01-08,2024-01-24,16,1100,12.91,13.01,14204.08,14293.90,89.82,0.63
600036.SH,2024-01-09,2024-01-24,15,200,12.89,13.01,2582.55,2598.89,16.34,0.63
600036.SH,2024-01-10,2024-01-24,14,100,12.89,13.01,1293.67,1299.45,5.78,0.45
600036.SH,2024-01-12,2024-01-24,12,400,12.90,13.01,5164.25,5197.78,33.53,0.65
600036.SH,2024-01-15,2024-01-24,9,700,12.98,13.01,9090.55,9096.12,5.57,0.06
600036.SH,2024-01-16,2024-01-24,8,400,12.91,13.01,5170.17,5197.78,27.61,0.53
600036.SH,2024-01-17,2024-01-24,7,100,12.85,13.01,1290.27,1299.45,9.18,0.71
601318.SH,2024-01-08,2024-01-24,16,1100,12.84,13.21,14134.19,14517.15,382.96,2.71
601318.SH,2024-01-09,2024-01-24,15,200,12.84,13.21,2572.25,2639.48,67.23,2.61
601318.SH,2024-01-10,2024-01-24,14,100,12.82,13.21,1286.94,1319.74,32.81,2.55
601318.SH,2024-01-11,2024-01-24,13,600,13.02,13.21,7817.58,7918.45,100.86,1.29
601318.SH,2024-01-12,2024-01-24,12,400,13.07,13.21,5231.99,5278.96,46.97,0.90
601318.SH,2024-01-15,2024-01-24,9,700,13.02,13.21,9120.18,9238.19,118.00,1.29
601318.SH,2024-01-16,2024-01-24,8,400,13.05,13.21,5223.61,5278.96,55.35,1.06
601318.SH,2024-01-17,2024-01-24,7,100,13.11,13.21,1316.19,1319.74,3.56,0.27
600519.SH,2024-01-12,2024-01-30,18,400,12.97,13.12,5192.26,5240.90,48.64,0.94
600519.SH,2024-01-15,2024-01-30,15,700,12.87,13.12,9015.90,9171.57,155.67,1.73
600519.SH,2024-01-16,2024-01-30,14,400,13.00,13.12,5206.64,5240.90,34.26,0.66
600519.SH,2024-01-17,2024-01-30,13,100,12.89,13.12,1294.12,1310.22,16.11,1.24
600519.SH,2024-01-25,2024-01-30,5,1300,13.07,13.12,17000.48,17032.92,32.44,0.19
600519.SH,2024-01-26,2024-01-30,4,300,13.10,13.12,3935.91,3930.67,-5.24,-0.13
300750.SZ,2024-01-16,2024-02-01,16,400,13.52,13.47,5411.64,5379.72,-31.92,-0.59
300750.SZ,2024-01-17,2024-02-01,15,100,13.63,13.47,1368.05,1344.93,-23.12,-1.69
300750.SZ,2024-01-25,2024-02-01,7,1300,13.48,13.47,17526.69,17484.10,-42.59,-0.24
300750.SZ,2024-01-26,2024-02-01,6,300,13.51,13.47,4057.74,4034.79,-22.94,-0.57
000002.SZ,2024-01-31,2024-02-02,2,800,11.88,11.68,9508.57,9329.79,-178.78,-1.88
300750.SZ,2024-01-31,2024-02-02,2,700,13.46,13.55,9427.07,9471.66,44.58,0.47
000002.SZ,2024-02-05,2024-02-08,3,400,11.84,11.61,4740.65,4633.40,-107.25,-2.26
600036.SH,2024-01-25,2024-02-12,18,1400,12.95,13.19,18138.30,18437.96,299.66,1.65
600036.SH,2024-01-26,2024-02-12,17,300,13.10,13.19,3933.76,3950.99,17.23,0.44
600036.SH,2024-01-31,2024-02-12,12,700,13.06,13.19,9148.84,9218.98,70.13,0.77
600036.SH,2024-02-02,2024-02-12,10,400,13.21,13.19,5290.16,5267.99,-22.17,-0.42
600036.SH,2024-02-05,2024-02-12,7,300,13.06,13.19,3922.62,3950.99,28.37,0.72
601318.SH,2024-01-25,2024-02-12,18,1300,13.17,13.11,17122.19,17015.74,-106.45,-0.62
601318.SH,2024-01-26,2024-02-12,17,300,13.08,13.11,3927.64,3926.71,-0.93,-0.02
601318.SH,2024-01-31,2024-02-12,12,100,13.20,13.11,1325.00,1308.90,-16.10,-1.21
601318.SH,2024-02-02,2024-02-12,10,400,13.02,13.11,5212.40,5235.61,23.21,0.45
601318.SH,2024-02-05,2024-02-12,7,300,13.22,13.11,3971.95,3926.71,-45.25,-1.14
600036.SH,2024-02-09,2024-02-13,4,100,13.27,13.33,1331.90,1326.87,-5.04,-0.38
601318.SH,2024-02-09,2024-02-13,4,100,13.11,13.07,1315.75,1300.41,-15.34,-1.17
600519.SH,2024-01-31,2024-02-14,14,700,13.09,13.05,9169.19,9124.01,-45.18,-0.49
600519.SH,2024-02-02,2024-02-14,12,400,13.19,13.05,5281.35,5213.72,-67.63,-1.28
600519.SH,2024-02-05,2024-02-14,9,300,13.25,13.05,3979.42,3910.29,-69.13,-1.74
600519.SH,2024-02-09,2024-02-14,5,100,13.15,13.05,1319.73,1303.43,-16.30,-1.23
600519.SH,2024-02-13,2024-02-15,2,1100,13.05,13.10,14357.57,14389.43,31.86,0.22
000001.SZ,2024-01-31,2024-02-16,16,800,11.35,11.28,9082.97,9010.61,-72.37,-0.80
000001.SZ,2024-02-02,2024-02-16,14,500,11.22,11.28,5615.19,5631.63,16.44,0.29
000001.SZ,2024-02-05,2024-02-16,11,400,11.36,11.28,4549.76,4505.30,-44.46,-0.98
000001.SZ,2024-02-09,2024-02-16,7,100,11.38,11.28,1143.12,1126.33,-16.79,-1.47
000001.SZ,2024-02-13,2024-02-16,3,1300,11.42,11.28,14853.62,14642.24,-211.38,-1.42
000001.SZ,2024-02-14,2024-02-16,2,800,11.37,11.28,9100.65,9010.61,-90.04,-0.99
000001.SZ,2024-02-15,2024-02-19,4,900,11.18,11.25,10067.15,10107.46,40.31,0.40
002475.SZ,2024-02-20,2024-02-23,3,1100,13.17,13.09,14488.32,14380.65,-107.67,-0.74
002475.SZ,2024-02-21,2024-02-23,2,400,13.13,13.09,5256.66,5229.33,-27.33,-0.52
002475.SZ,2024-02-22,2024-02-26,4,100,13.08,13.02,1313.38,1295.32,-18.06,-1.37
600036.SH,2024-02-14,2024-02-28,14,700,13.20,13.20,9242.07,9229.21,-12.86,-0.14
600036.SH,2024-02-15,2024-02-28,13,700,13.16,13.20,9214.25,9229.21,14.96,0.16
600036.SH,2024-02-16,2024-02-28,12,700,13.17,13.20,9223.96,9229.21,5.25,0.06
600036.SH,2024-02-19,2024-02-28,9,1200,13.22,13.20,15864.12,15821.50,-42.62,-0.27
600036.SH,2024-02-20,2024-02-28,8,1100,13.15,13.20,14465.57,14503.04,37.47,0.26
600036.SH,2024-02-21,2024-02-28,7,400,13.24,13.20,5302.43,5273.83,-28.60,-0.54
600036.SH,2024-02-22,2024-02-28,6,100,13.09,13.20,1314.32,1318.46,4.14,0.32
600036.SH,2024-02-26,2024-02-28,2,300,13.12,13.20,3942.04,3955.37,13.33,0.34
600036.SH,2024-02-27,2024-02-29,2,100,13.11,13.18,1315.89,1312.07,-3.83,-0.29
000001.SZ,2024-02-20,2024-03-07,16,1300,11.42,11.56,14848.06,15005.33,157.27,1.06
000001.SZ,2024-02-21,2024-03-07,15,500,11.29,11.56,5651.79,5771.28,119.49,2.11
000001.SZ,2024-02-22,2024-03-07,14,100,11.50,11.56,1154.62,1154.26,-0.36,-0.03
000001.SZ,2024-02-26,2024-03-07,10,400,11.56,11.56,4629.58,4617.03,-12.55,-0.27
000001.SZ,2024-02-27,2024-03-07,9,200,11.48,11.56,2301.44,2308.51,7.07,0.31
000001.SZ,2024-02-28,2024-03-07,8,100,11.33,11.56,1138.24,1154.26,16.01,1.41
000001.SZ,2024-02-29,2024-03-07,7,1200,11.43,11.56,13719.86,13851.08,131.22,0.96
000001.SZ,2024-03-01,2024-03-07,6,500,11.58,11.56,5793.56,5771.28,-22.28,-0.38
000001.SZ,2024-03-04,2024-03-07,3,200,11.43,11.56,2291.45,2308.51,17.06,0.74
000001.SZ,2024-03-05,2024-03-07,2,100,11.56,11.56,1161.50,1154.26,-7.24,-0.62
300750.SZ,2024-02-21,2024-03-08,16,400,13.37,13.55,5352.88,5414.82,61.93,1.16
300750.SZ,2024-02-22,2024-03-08,15,100,13.51,13.55,1355.88,1353.70,-2.17,-0.16
300750.SZ,2024-02-26,2024-03-08,11,300,13.67,13.55,4104.72,4061.11,-43.61,-1.06
300750.SZ,2024-02-27,2024-03-08,10,100,13.64,13.55,1369.49,1353.70,-15.78,-1.15
300750.SZ,2024-02-28,2024-03-08,9,100,13.62,13.55,1366.95,1353.70,-13.25,-0.97
300750.SZ,2024-02-29,2024-03-08,8,1000,13.63,13.55,13638.16,13537.04,-101.11,-0.74
300750.SZ,2024-03-01,2024-03-08,7,400,13.66,13.55,5469.23,5414.82,-54.41,-0.99
300750.SZ,2024-03-04,2024-03-08,4,200,13.59,13.55,2723.18,2707.41,-15.77,-0.58
300750.SZ,2024-03-05,2024-03-08,3,100,13.55,13.55,1359.64,1353.70,-5.94,-0.44
300750.SZ,2024-03-11,2024-03-13,2,900,13.53,13.55,12183.19,12178.07,-5.11,-0.04
300750.SZ,2024-03-12,2024-03-14,2,200,13.46,13.34,2697.78,2660.17,-37.61,-1.39
000002.SZ,2024-02-28,2024-03-15,16,100,11.65,11.65,1169.59,1163.02,-6.57,-0.56
000002.SZ,2024-02-29,2024-03-15,15,1200,11.69,11.65,14036.96,13956.25,-80.71,-0.57
000002.SZ,2024-03-01,2024-03-15,14,500,11.54,11.65,5776.23,5815.10,38.87,0.67
000002.SZ,2024-03-04,2024-03-15,11,200,11.64,11.65,2332.17,2326.04,-6.13,-0.26
000002.SZ,2024-03-05,2024-03-15,10,100,11.70,11.65,1174.70,1163.02,-11.68,-0.99
000002.SZ,2024-03-08,2024-03-15,7,900,11.83,11.65,10655.15,10467.19,-187.96,-1.76
000002.SZ,2024-03-11,2024-03-15,4,1000,11.72,11.65,11725.95,11630.21,-95.74,-0.82
000002.SZ,2024-03-12,2024-03-15,3,200,11.79,11.65,2363.73,2326.04,-37.69,-1.59
000002.SZ,2024-03-14,2024-03-18,4,200,11.56,11.63,2316.30,2318.06,1.76,0.08
000001.SZ,2024-03-08,2024-03-26,18,1000,11.47,12.18,11471.65,12161.71,690.06,6.02
000001.SZ,2024-03-11,2024-03-26,15,1000,11.45,12.18,11457.87,12161.71,703.84,6.14
000001.SZ,2024-03-12,2024-03-26,14,200,11.59,12.18,2323.83,2432.34,108.51,4.67
000001.SZ,2024-03-14,2024-03-26,12,200,11.58,12.18,2320.25,2432.34,112.09,4.83
000001.SZ,2024-03-15,2024-03-26,11,200,11.60,12.18,2325.56,2432.34,106.78,4.59
000001.SZ,2024-03-18,2024-03-26,8,900,11.80,12.18,10623.42,10945.54,322.12,3.03
000001.SZ,2024-03-19,2024-03-26,7,600,11.76,12.18,7059.23,7297.02,237.79,3.37
000001.SZ,2024-03-20,2024-03-26,6,400,11.69,12.18,4682.42,4864.68,182.27,3.89
000001.SZ,2024-03-21,2024-03-26,5,200,11.78,12.18,2360.37,2432.34,71.97,3.05
000001.SZ,2024-03-22,2024-03-26,4,100,11.76,12.18,1180.94,1216.17,35.23,2.98
002475.SZ,2024-03-08,2024-03-26,18,800,13.17,13.73,10537.78,10966.95,429.16,4.07
002475.SZ,2024-03-11,2024-03-26,15,900,13.12,13.73,11815.06,12337.81,522.76,4.42
002475.SZ,2024-03-12,2024-03-26,14,200,13.29,13.73,2662.83,2741.74,78.90,2.96
002475.SZ,2024-03-14,2024-03-26,12,200,13.17,13.73,2639.57,2741.74,102.17,3.87
002475.SZ,2024-03-15,2024-03-26,11,100,13.13,13.73,1317.65,1370.87,53.22,4.04
002475.SZ,2024-03-18,2024-03-26,8,800,13.25,13.73,10604.34,10966.95,362.61,3.42
002475.SZ,2024-03-19,2024-03-26,7,500,13.27,13.73,6641.98,6854.34,212.36,3.20
002475.SZ,2024-03-20,2024-03-26,6,300,13.30,13.73,3994.78,4112.60,117.82,2.95
002475.SZ,2024-03-21,2024-03-26,5,200,13.31,13.73,2667.30,2741.74,74.44,2.79
002475.SZ,2024-03-22,2024-03-26,4,100,13.32,13.73,1336.53,1370.87,34.34,2.57
000002.SZ,2024-03-21,2024-03-28,7,200,11.62,11.61,2329.28,2316.24,-13.04,-0.56
000002.SZ,2024-03-22,2024-03-28,6,100,11.78,11.61,1183.50,1158.12,-25.38,-2.14
000002.SZ,2024-03-27,2024-03-29,2,1900,11.66,11.60,22160.30,22016.39,-143.91,-0.65
300750.SZ,2024-03-27,2024-03-29,2,1600,13.11,13.22,20979.22,21124.36,145.14,0.69
600036.SH,2024-03-27,2024-03-29,2,1700,12.60,12.53,21432.95,21270.58,-162.37,-0.76
600519.SH,2024-03-27,2024-03-29,2,1700,12.17,11.99,20697.11,20363.15,-333.96,-1.61
601318.SH,2024-03-27,2024-03-29,2,900,12.20,12.22,10984.46,10984.26,-0.20,-0.00
000002.SZ,2024-04-05,2024-04-10,5,200,11.77,11.68,2359.52,2329.06,-30.46,-1.29
000001.SZ,2024-03-27,2024-04-12,16,1900,11.74,12.06,22318.74,22888.79,570.05,2.55
000001.SZ,2024-04-01,2024-04-12,11,1600,11.82,12.06,18924.12,19274.77,350.66,1.85
000001.SZ,2024-04-02,2024-04-12,10,1000,11.94,12.06,11941.78,12046.73,104.95,0.88
000001.SZ,2024-04-03,2024-04-12,9,600,11.88,12.06,7132.02,7228.04,96.02,1.35
000001.SZ,2024-04-04,2024-04-12,8,400,11.96,12.06,4787.38,4818.69,31.32,0.65
000001.SZ,2024-04-05,2024-04-12,7,200,11.92,12.06,2389.70,2409.35,19.65,0.82
000001.SZ,2024-04-08,2024-04-12,4,100,11.94,12.06,1199.42,1204.67,5.25,0.44
000001.SZ,2024-04-11,2024-04-15,4,100,12.06,11.89,1210.99,1183.27,-27.72,-2.29
002475.SZ,2024-04-01,2024-04-15,14,1400,13.59,13.41,19027.33,18755.79,-271.54,-1.43
002475.SZ,2024-04-02,2024-04-15,13,900,13.46,13.41,12120.04,12057.30,-62.74,-0.52
002475.SZ,2024-04-03,2024-04-15,12,500,13.55,13.41,6777.98,6698.50,-79.48,-1.17
002475.SZ,2024-04-04,2024-04-15,11,300,13.39,13.41,4021.11,4019.10,-2.01,-0.05
002475.SZ,2024-04-05,2024-04-15,10,200,13.36,13.41,2676.43,2679.40,2.97,0.11
002475.SZ,2024-04-08,2024-04-15,7,100,13.51,13.41,1355.69,1339.70,-15.99,-1.18
002475.SZ,2024-04-11,2024-04-15,4,100,13.35,13.41,1339.86,1339.70,-0.16,-0.01
300750.SZ,2024-04-15,2024-04-17,2,1100,13.29,13.29,14624.69,14603.92,-20.78,-0.14
002475.SZ,2024-04-16,2024-04-18,2,1300,13.35,13.38,17358.42,17371.94,13.52,0.08
002475.SZ,2024-04-17,2024-04-19,2,300,13.46,13.37,4043.78,4003.23,-40.54,-1.00
300750.SZ,2024-04-16,2024-04-19,3,1300,13.35,13.44,17366.15,17452.03,85.89,0.49
000001.SZ,2024-04-16,2024-04-23,7,1500,12.03,11.88,18056.40,17794.54,-261.86,-1.45
000001.SZ,2024-04-17,2024-04-23,6,300,12.02,11.88,3611.69,3558.91,-52.79,-1.46
000001.SZ,2024-04-18,2024-04-23,5,400,12.07,11.88,4834.89,4745.21,-89.68,-1.85
000001.SZ,2024-04-19,2024-04-23,4,400,12.05,11.88,4823.45,4745.21,-78.24,-1.62
000002.SZ,2024-04-11,2024-04-23,12,100,11.87,11.88,1192.43,1186.17,-6.26,-0.52
000002.SZ,2024-04-15,2024-04-23,8,1200,11.84,11.88,14218.69,14234.00,15.31,0.11
000002.SZ,2024-04-16,2024-04-23,7,1500,11.84,11.88,17770.62,17792.49,21.88,0.12
000002.SZ,2024-04-17,2024-04-23,6,300,11.85,11.88,3559.45,3558.50,-0.95,-0.03
000002.SZ,2024-04-18,2024-04-23,5,400,11.87,11.88,4751.86,4744.67,-7.20,-0.15
000002.SZ,2024-04-19,2024-04-23,4,500,11.84,11.88,5923.87,5930.83,6.96,0.12
000001.SZ,2024-04-22,2024-04-24,2,600,12.02,11.92,7217.36,7137.11,-80.24,-1.11
000002.SZ,2024-04-22,2024-04-25,3,600,11.78,11.81,7072.84,7071.02,-1.83,-0.03
002475.SZ,2024-04-23,2024-04-26,3,200,13.47,13.24,2699.08,2645.49,-53.60,-1.99
002475.SZ,2024-04-24,2024-04-26,2,1300,13.58,13.24,17653.05,17195.66,-457.39,-2.59
000001.SZ,2024-04-25,2024-04-29,4,700,11.98,11.98,8388.47,8373.10,-15.37,-0.18
000002.SZ,2024-04-24,2024-04-29,5,1500,11.64,11.79,17468.15,17664.02,195.87,1.12
002475.SZ,2024-04-25,2024-04-29,4,600,13.56,13.43,8138.55,8043.42,-95.13,-1.17
000001.SZ,2024-04-26,2024-04-30,4,400,11.84,11.89,4741.96,4744.25,2.29,0.05
000002.SZ,2024-04-26,2024-04-30,4,400,11.73,11.75,4696.87,4688.78,-8.09,-0.17
300750.SZ,2024-04-18,2024-05-01,13,300,13.34,13.42,4006.59,4021.08,14.48,0.36
300750.SZ,2024-04-22,2024-05-01,9,600,13.22,13.42,7935.53,8042.15,106.62,1.34
300750.SZ,2024-04-23,2024-05-01,8,200,13.34,13.42,2672.56,2680.72,8.16,0.31
300750.SZ,2024-04-24,2024-05-01,7,1300,13.42,13.42,17456.40,17424.66,-31.74,-0.18
300750.SZ,2024-04-25,2024-05-01,6,600,13.34,13.42,8008.85,8042.15,33.31,0.42
300750.SZ,2024-04-26,2024-05-01,5,400,13.20,13.42,5285.73,5361.43,75.71,1.43
300750.SZ,2024-04-29,2024-05-01,2,500,13.18,13.42,6596.30,6701.79,105.49,1.60
300750.SZ,2024-04-30,2024-05-02,2,900,13.18,13.32,11868.25,11972.87,104.62,0.88
002475.SZ,2024-05-01,2024-05-03,2,800,13.44,13.36,10756.83,10670.68,-86.15,-0.80
000001.SZ,2024-05-10,2024-05-15,5,500,11.95,11.85,5978.14,5915.72,-62.43,-1.04
000001.SZ,2024-05-13,2024-05-15,2,300,12.01,11.85,3609.23,3549.43,-59.80,-1.66
000001.SZ,2024-05-14,2024-05-16,2,100,11.99,11.77,1204.24,1170.61,-33.63,-2.79
000002.SZ,2024-05-01,2024-05-17,16,900,11.94,12.04,10751.04,10824.09,73.05,0.68
000002.SZ,2024-05-02,2024-05-17,15,1400,12.13,12.04,16982.84,16837.47,-145.36,-0.86
000002.SZ,2024-05-03,2024-05-17,14,1300,11.92,12.04,15495.92,15634.80,138.88,0.90
000002.SZ,2024-05-06,2024-05-17,11,1300,12.04,12.04,15662.49,15634.80,-27.70,-0.18
000002.SZ,2024-05-07,2024-05-17,10,1000,11.94,12.04,11941.07,12026.77,85.70,0.72
000002.SZ,2024-05-08,2024-05-17,9,800,12.00,12.04,9602.57,9621.41,18.84,0.20
000002.SZ,2024-05-09,2024-05-17,8,600,12.20,12.04,7323.16,7216.06,-107.10,-1.46
000002.SZ,2024-05-10,2024-05-17,7,500,12.01,12.04,6010.92,6013.38,2.47,0.04
000002.SZ,2024-05-13,2024-05-17,4,300,11.94,12.04,3586.10,3608.03,21.93,0.61
000002.SZ,2024-05-14,2024-05-17,3,100,11.99,12.04,1204.47,1202.68,-1.80,-0.15
000002.SZ,2024-05-15,2024-05-17,2,100,11.98,12.04,1203.24,1202.68,-0.56,-0.05
000002.SZ,2024-05-16,2024-05-20,4,200,12.09,11.99,2422.52,2391.18,-31.35,-1.29
002475.SZ,2024-05-13,2024-05-27,14,300,13.36,13.55,4012.69,4058.46,45.77,1.14
002475.SZ,2024-05-14,2024-05-27,13,100,13.59,13.55,1363.63,1352.82,-10.81,-0.79
002475.SZ,2024-05-15,2024-05-27,12,100,13.57,13.55,1361.90,1352.82,-9.08,-0.67
002475.SZ,2024-05-16,2024-05-27,11,200,13.39,13.55,2683.47,2705.64,22.17,0.83
002475.SZ,2024-05-17,2024-05-27,10,100,13.56,13.55,1361.29,1352.82,-8.47,-0.62
002475.SZ,2024-05-20,2024-05-27,7,1600,13.49,13.55,21595.67,21645.12,49.45,0.23
002475.SZ,2024-05-21,2024-05-27,6,1000,13.51,13.55,13511.96,13528.20,16.24,0.12
002475.SZ,2024-05-22,2024-05-27,5,600,13.50,13.55,8103.23,8116.92,13.69,0.17
002475.SZ,2024-05-23,2024-05-27,4,200,13.48,13.55,2701.80,2705.64,3.84,0.14
000002.SZ,2024-05-21,2024-05-28,7,1100,12.19,12.00,13412.24,13186.05,-226.19,-1.69
000002.SZ,2024-05-22,2024-05-28,6,600,12.06,12.00,7241.17,7192.39,-48.78,-0.67
000002.SZ,2024-05-23,2024-05-28,5,200,11.95,12.00,2395.09,2397.46,2.37,0.10
000002.SZ,2024-05-24,2024-05-28,4,100,12.03,12.00,1208.47,1198.73,-9.74,-0.81
002475.SZ,2024-05-24,2024-05-28,4,100,13.35,13.55,1340.27,1348.59,8.32,0.62
300750.SZ,2024-05-28,2024-06-04,7,900,13.20,13.00,11883.63,11687.16,-196.47,-1.65
300750.SZ,2024-05-29,2024-06-04,6,900,13.23,13.00,11909.84,11687.16,-222.69,-1.87
300750.SZ,2024-05-30,2024-06-04,5,400,13.29,13.00,5320.18,5194.29,-125.89,-2.37
300750.SZ,2024-05-31,2024-06-04,4,100,13.13,13.00,1317.92,1298.57,-19.35,-1.47
000001.SZ,2024-05-20,2024-06-05,16,1800,11.89,12.10,21402.27,21757.32,355.05,1.66
000001.SZ,2024-05-22,2024-06-05,14,700,11.91,12.10,8345.11,8461.18,116.07,1.39
000001.SZ,2024-05-23,2024-06-05,13,300,12.05,12.10,3621.12,3626.22,5.10,0.14
000001.SZ,2024-05-24,2024-06-05,12,100,11.94,12.10,1198.53,1208.74,10.21,0.85
000001.SZ,2024-05-28,2024-06-05,8,1000,11.94,12.10,11947.51,12087.40,139.89,1.17
000001.SZ,2024-05-29,2024-06-05,7,1000,12.02,12.10,12025.24,12087.40,62.16,0.52
000001.SZ,2024-05-30,2024-06-05,6,400,12.13,12.10,4857.61,4834.96,-22.66,-0.47
000001.SZ,2024-05-31,2024-06-05,5,200,12.05,12.10,2414.60,2417.48,2.88,0.12
002475.SZ,2024-05-29,2024-06-06,8,900,13.48,13.51,12138.83,12144.36,5.53,0.05
002475.SZ,2024-05-30,2024-06-06,7,400,13.51,13.51,5407.64,5397.49,-10.15,-0.19
002475.SZ,2024-05-31,2024-06-06,6,100,13.51,13.51,1355.93,1349.37,-6.56,-0.48
300750.SZ,2024-06-06,2024-06-10,4,1200,13.02,13.10,15632.56,15700.69,68.13,0.44
002475.SZ,2024-06-05,2024-06-14,9,500,13.38,13.64,6695.91,6810.11,114.20,1.71
002475.SZ,2024-06-07,2024-06-14,7,500,13.47,13.64,6740.32,6810.11,69.78,1.04
002475.SZ,2024-06-10,2024-06-14,4,100,13.54,13.64,1358.51,1362.02,3.52,0.26
002475.SZ,2024-06-11,2024-06-14,3,200,13.80,13.64,2764.86,2724.04,-40.82,-1.48
600519.SH,2024-05-31,2024-06-18,18,200,11.64,11.73,2333.87,2342.59,8.72,0.37
600519.SH,2024-06-05,2024-06-18,13,500,11.78,11.73,5897.25,5856.48,-40.77,-0.69
600519.SH,2024-06-06,2024-06-18,12,1400,11.61,11.73,16253.14,16398.14,145.01,0.89
600519.SH,2024-06-07,2024-06-18,11,600,11.69,11.73,7017.00,7027.78,10.77,0.15
600519.SH,2024-06-10,2024-06-18,8,100,11.81,11.73,1185.55,1171.30,-14.26,-1.20
600519.SH,2024-06-11,2024-06-18,7,300,11.75,11.73,3530.40,3513.89,-16.51,-0.47
600519.SH,2024-06-12,2024-06-18,6,100,11.84,11.73,1188.83,1171.30,-17.53,-1.47
600519.SH,2024-06-17,2024-06-19,2,300,11.62,11.65,3491.64,3485.41,-6.23,-0.18
000002.SZ,2024-06-05,2024-06-21,16,500,12.04,12.07,6023.49,6027.25,3.76,0.06
000002.SZ,2024-06-06,2024-06-21,15,1300,12.21,12.07,15878.84,15670.85,-207.98,-1.31
000002.SZ,2024-06-07,2024-06-21,14,600,12.15,12.07,7292.67,7232.70,-59.97,-0.82
000002.SZ,2024-06-10,2024-06-21,11,100,12.25,12.07,1229.71,1205.45,-24.26,-1.97
000002.SZ,2024-06-11,2024-06-21,10,300,12.02,12.07,3610.65,3616.35,5.70,0.16
000002.SZ,2024-06-12,2024-06-21,9,100,12.16,12.07,1220.56,1205.45,-15.11,-1.24
000002.SZ,2024-06-17,2024-06-21,4,300,12.05,12.07,3620.81,3616.35,-4.46,-0.12
000002.SZ,2024-06-19,2024-06-21,2,600,12.07,12.07,7244.22,7232.70,-11.51,-0.16
002475.SZ,2024-06-17,2024-06-21,4,200,13.70,13.71,2744.35,2737.36,-6.99,-0.25
002475.SZ,2024-06-19,2024-06-21,2,500,13.76,13.71,6883.79,6843.40,-40.39,-0.59
600036.SH,2024-06-17,2024-06-21,4,300,12.09,11.98,3631.27,3588.08,-43.19,-1.19
600036.SH,2024-06-19,2024-06-21,2,600,11.99,11.98,7201.60,7176.16,-25.44,-0.35
000001.SZ,2024-06-06,2024-06-24,18,1300,12.22,12.10,15890.16,15709.76,-180.40,-1.14
000001.SZ,2024-06-07,2024-06-24,17,600,12.28,12.10,7373.55,7250.66,-122.89,-1.67
000001.SZ,2024-06-10,2024-06-24,14,100,12.28,12.10,1232.92,1208.44,-24.48,-1.99
000001.SZ,2024-06-11,2024-06-24,13,300,12.22,12.10,3671.23,3625.33,-45.90,-1.25
000001.SZ,2024-06-12,2024-06-24,12,100,12.29,12.10,1234.46,1208.44,-26.02,-2.11
000001.SZ,2024-06-17,2024-06-24,7,300,12.49,12.10,3751.95,3625.33,-126.62,-3.37
000001.SZ,2024-06-19,2024-06-24,5,600,12.20,12.10,7325.94,7250.66,-75.29,-1.03
000001.SZ,2024-06-20,2024-06-24,4,200,12.30,12.10,2464.37,2416.89,-47.48,-1.93
000002.SZ,2024-06-20,2024-06-24,4,200,12.06,12.08,2417.80,2409.55,-8.25,-0.34
600036.SH,2024-06-20,2024-06-24,4,200,11.93,12.01,2391.24,2393.78,2.54,0.11
000002.SZ,2024-06-25,2024-06-27,2,1700,11.93,11.90,20281.90,20201.22,-80.68,-0.40
002475.SZ,2024-06-20,2024-07-03,13,200,13.46,13.51,2697.26,2699.33,2.06,0.08
002475.SZ,2024-06-24,2024-07-03,9,1000,13.61,13.51,13616.27,13496.63,-119.65,-0.88
002475.SZ,2024-06-25,2024-07-03,8,1500,13.83,13.51,20745.83,20244.94,-500.89,-2.41
002475.SZ,2024-06-26,2024-07-03,7,900,13.89,13.51,12507.83,12146.97,-360.86,-2.89
002475.SZ,2024-06-27,2024-07-03,6,700,13.69,13.51,9588.12,9447.64,-140.48,-1.47
002475.SZ,2024-06-28,2024-07-03,5,700,13.74,13.51,9619.55,9447.64,-171.91,-1.79
002475.SZ,2024-07-01,2024-07-03,2,400,13.79,13.51,5522.44,5398.65,-123.79,-2.24
002475.SZ,2024-07-02,2024-07-04,2,300,13.48,13.49,4050.21,4039.37,-10.85,-0.27
000001.SZ,2024-06-27,2024-07-05,8,800,12.35,12.28,9887.96,9810.07,-77.89,-0.79
000001.SZ,2024-06-28,2024-07-05,7,800,12.38,12.28,9912.81,9810.07,-102.74,-1.04
000001.SZ,2024-07-01,2024-07-05,4,500,12.25,12.28,6127.83,6131.29,3.47,0.06
000001.SZ,2024-07-02,2024-07-05,3,300,12.39,12.28,3721.90,3678.78,-43.12,-1.16
000001.SZ,2024-07-03,2024-07-05,2,200,12.43,12.28,2490.14,2452.52,-37.63,-1.51
601318.SH,2024-07-03,2024-07-05,2,200,11.66,11.64,2337.16,2321.19,-15.97,-0.68
000001.SZ,2024-07-04,2024-07-15,11,1300,12.19,12.58,15856.11,16327.62,471.51,2.97
000001.SZ,2024-07-08,2024-07-15,7,1600,12.39,12.58,19825.06,20095.53,270.47,1.36
000001.SZ,2024-07-09,2024-07-15,6,1300,12.44,12.58,16173.53,16327.62,154.09,0.95
000001.SZ,2024-07-10,2024-07-15,5,1000,12.33,12.58,12339.27,12559.71,220.44,1.79
000001.SZ,2024-07-11,2024-07-15,4,900,12.52,12.58,11273.72,11303.74,30.02,0.27
300750.SZ,2024-07-11,2024-07-15,4,800,12.69,12.76,10156.01,10189.27,33.26,0.33
000001.SZ,2024-07-12,2024-07-16,4,500,12.50,12.35,6257.49,6165.20,-92.29,-1.47
601318.SH,2024-07-12,2024-07-19,7,500,11.69,11.54,5849.10,5762.48,-86.61,-1.48
601318.SH,2024-07-16,2024-07-19,3,1800,11.67,11.54,21007.45,20744.94,-262.52,-1.25
601318.SH,2024-07-17,2024-07-19,2,1600,11.51,11.54,18426.96,18439.94,12.99,0.07
601318.SH,2024-07-18,2024-07-23,5,900,11.46,11.49,10320.99,10324.12,3.13,0.03
601318.SH,2024-07-22,2024-07-24,2,1000,11.64,11.56,11646.08,11540.15,-105.92,-0.91
000001.SZ,2024-07-17,2024-07-25,8,1500,12.40,12.47,18601.06,18675.47,74.40,0.40
000001.SZ,2024-07-18,2024-07-25,7,900,12.47,12.47,11228.35,11205.28,-23.07,-0.21
000001.SZ,2024-07-19,2024-07-25,6,300,12.26,12.47,3683.29,3735.09,51.80,1.41
000001.SZ,2024-07-22,2024-07-25,3,900,12.39,12.47,11153.85,11205.28,51.42,0.46
000001.SZ,2024-07-23,2024-07-25,2,400,12.33,12.47,4936.91,4980.12,43.21,0.88
000001.SZ,2024-07-24,2024-07-26,2,300,12.35,12.41,3709.74,3714.02,4.28,0.12
002475.SZ,2024-07-23,2024-07-29,6,300,13.86,13.45,4162.53,4029.40,-133.12,-3.20
002475.SZ,2024-07-24,2024-07-29,5,300,13.70,13.45,4116.03,4029.40,-86.63,-2.10
002475.SZ,2024-07-25,2024-07-29,4,300,13.59,13.45,4081.74,4029.40,-52.34,-1.28
002475.SZ,2024-07-26,2024-07-30,4,900,13.69,14.37,12329.70,12917.92,588.22,4.77
000001.SZ,2024-07-30,2024-08-01,2,700,12.92,12.36,9045.55,8635.46,-410.09,-4.53
000001.SZ,2024-07-31,2024-08-02,2,600,12.28,12.41,7373.31,7432.04,58.73,0.80
000002.SZ,2024-07-18,2024-08-02,15,900,12.03,11.99,10830.45,10775.40,-55.04,-0.51
000002.SZ,2024-07-19,2024-08-02,14,400,12.10,11.99,4844.57,4789.07,-55.50,-1.15
000002.SZ,2024-07-22,2024-08-02,11,1000,11.97,11.99,11977.12,11972.67,-4.45,-0.04
000002.SZ,2024-07-23,2024-08-02,10,400,11.92,11.99,4771.32,4789.07,17.74,0.37
000002.SZ,2024-07-24,2024-08-02,9,300,11.99,11.99,3600.87,3591.80,-9.07,-0.25
000002.SZ,2024-07-25,2024-08-02,8,300,12.07,11.99,3626.03,3591.80,-34.23,-0.94
000002.SZ,2024-07-26,2024-08-02,7,1000,12.04,11.99,12044.68,11972.67,-72.01,-0.60
000002.SZ,2024-07-29,2024-08-02,4,700,11.99,11.99,8399.06,8380.87,-18.19,-0.22
000002.SZ,2024-07-30,2024-08-02,3,700,12.55,11.99,8790.85,8380.87,-409.98,-4.66
000002.SZ,2024-07-31,2024-08-02,2,600,12.06,11.99,7238.56,7183.60,-54.96,-0.76
300750.SZ,2024-07-31,2024-08-02,2,600,12.42,12.57,7455.79,7531.52,75.73,1.02
600036.SH,2024-07-31,2024-08-02,2,600,11.40,11.34,6842.37,6792.17,-50.20,-0.73
600519.SH,2024-07-31,2024-08-02,2,700,11.02,10.89,7719.10,7611.40,-107.70,-1.40
601318.SH,2024-07-31,2024-08-02,2,500,11.40,11.39,5705.99,5686.44,-19.55,-0.34
002475.SZ,2024-08-13,2024-08-20,7,900,13.85,13.65,12472.56,12273.11,-199.45,-1.60
002475.SZ,2024-08-14,2024-08-20,6,500,13.69,13.65,6850.42,6818.40,-32.03,-0.47
002475.SZ,2024-08-15,2024-08-20,5,300,13.81,13.65,4148.74,4091.04,-57.70,-1.39
002475.SZ,2024-08-16,2024-08-20,4,200,13.71,13.65,2747.38,2727.36,-20.02,-0.73
002475.SZ,2024-08-19,2024-08-21,2,100,13.69,13.55,1373.77,1349.00,-24.77,-1.80
000001.SZ,2024-08-08,2024-08-26,18,1900,12.53,12.79,23820.13,24268.19,448.06,1.88
000001.SZ,2024-08-09,2024-08-26,17,1500,12.48,12.79,18727.58,19159.10,431.51,2.30
000001.SZ,2024-08-12,2024-08-26,14,1200,12.51,12.79,15012.07,15327.28,315.21,2.10
000001.SZ,2024-08-13,2024-08-26,13,900,12.64,12.79,11379.96,11495.46,115.50,1.01
000001.SZ,2024-08-14,2024-08-26,12,600,12.66,12.79,7599.61,7663.64,64.03,0.84
000001.SZ,2024-08-15,2024-08-26,11,300,12.62,12.79,3792.49,3831.82,39.33,1.04
000001.SZ,2024-08-16,2024-08-26,10,200,12.63,12.79,2530.85,2554.55,23.70,0.94
000001.SZ,2024-08-19,2024-08-26,7,100,12.90,12.79,1295.04,1277.27,-17.77,-1.37
000001.SZ,2024-08-20,2024-08-26,6,100,12.82,12.79,1286.57,1277.27,-9.30,-0.72
000001.SZ,2024-08-21,2024-08-26,5,500,12.92,12.79,6462.62,6386.37,-76.25,-1.18
000001.SZ,2024-08-22,2024-08-26,4,400,12.85,12.79,5143.45,5109.09,-34.36,-0.67
000001.SZ,2024-08-23,2024-08-27,4,300,12.93,12.85,3884.97,3845.47,-39.50,-1.02
000001.SZ,2024-08-28,2024-09-09,12,1400,12.69,12.82,17768.15,17920.41,152.26,0.86
000001.SZ,2024-08-29,2024-09-09,11,900,12.59,12.82,11338.62,11520.26,181.64,1.60
000001.SZ,2024-08-30,2024-09-09,10,500,12.76,12.82,6385.37,6400.15,14.77,0.23
000001.SZ,2024-09-02,2024-09-09,7,300,12.87,12.82,3865.95,3840.09,-25.87,-0.67
000001.SZ,2024-09-03,2024-09-09,6,200,12.87,12.82,2579.73,2560.06,-19.68,-0.76
000001.SZ,2024-09-04,2024-09-09,5,100,12.80,12.82,1284.87,1280.03,-4.84,-0.38
000001.SZ,2024-09-05,2024-09-09,4,100,12.85,12.82,1290.49,1280.03,-10.47,-0.81
002475.SZ,2024-09-05,2024-09-10,5,100,13.61,13.49,1366.16,1342.64,-23.52,-1.72
000002.SZ,2024-08-26,2024-09-11,16,300,12.11,12.14,3637.19,3636.74,-0.44,-0.01
000002.SZ,2024-08-27,2024-09-11,15,1800,12.03,12.14,21656.67,21820.46,163.79,0.76
000002.SZ,2024-08-28,2024-09-11,14,1500,12.13,12.14,18197.09,18183.71,-13.38,-0.07
000002.SZ,2024-08-29,2024-09-11,13,900,12.34,12.14,11114.14,10910.23,-203.92,-1.83
000002.SZ,2024-08-30,2024-09-11,12,600,12.12,12.14,7278.26,7273.49,-4.78,-0.07
000002.SZ,2024-09-02,2024-09-11,9,300,12.24,12.14,3678.46,3636.74,-41.71,-1.13
000002.SZ,2024-09-03,2024-09-11,8,200,12.37,12.14,2479.72,2424.50,-55.23,-2.23
000002.SZ,2024-09-04,2024-09-11,7,100,12.24,12.14,1229.13,1212.25,-16.88,-1.37
000002.SZ,2024-09-05,2024-09-11,6,100,12.14,12.14,1219.26,1212.25,-7.01,-0.58
000002.SZ,2024-09-10,2024-09-12,2,700,12.33,12.26,8637.86,8567.02,-70.84,-0.82
002475.SZ,2024-09-12,2024-09-17,5,1600,13.48,13.62,21575.63,21760.03,184.40,0.85
002475.SZ,2024-09-13,2024-09-17,4,1400,13.65,13.62,19113.79,19040.02,-73.77,-0.39
300750.SZ,2024-09-13,2024-09-18,5,1600,12.18,12.19,19492.54,19482.97,-9.57,-0.05
300750.SZ,2024-09-16,2024-09-18,2,600,12.15,12.19,7292.14,7306.11,13.97,0.19
300750.SZ,2024-09-17,2024-09-20,3,200,12.10,12.04,2425.01,2400.86,-24.15,-1.00
300750.SZ,2024-09-19,2024-09-23,4,1000,12.23,12.10,12237.79,12087.48,-150.31,-1.23
600036.SH,2024-09-23,2024-09-25,2,300,10.71,10.72,3217.85,3208.35,-9.50,-0.30
002475.SZ,2024-09-16,2024-09-27,11,600,13.51,13.46,8110.57,8065.74,-44.83,-0.55
002475.SZ,2024-09-18,2024-09-27,9,700,13.63,13.46,9547.29,9410.03,-137.26,-1.44
002475.SZ,2024-09-19,2024-09-27,8,900,13.80,13.46,12422.86,12098.61,-324.25,-2.61
002475.SZ,2024-09-20,2024-09-27,7,300,13.75,13.46,4128.87,4032.87,-96.00,-2.33
002475.SZ,2024-09-23,2024-09-27,4,200,13.69,13.46,2742.18,2688.58,-53.60,-1.95
002475.SZ,2024-09-24,2024-09-27,3,300,13.62,13.46,4089.62,4032.87,-56.75,-1.39
002475.SZ,2024-09-25,2024-09-27,2,100,13.70,13.46,1374.79,1344.29,-30.50,-2.22
000002.SZ,2024-09-13,2024-10-01,18,1600,12.22,12.52,19558.09,20011.67,453.58,2.32
000002.SZ,2024-09-16,2024-10-01,15,600,12.43,12.52,7460.97,7504.38,43.41,0.58
000002.SZ,2024-09-17,2024-10-01,14,200,12.35,12.52,2475.00,2501.46,26.46,1.07
000002.SZ,2024-09-18,2024-10-01,13,800,12.47,12.52,9984.23,10005.84,21.60,0.22
000002.SZ,2024-09-19,2024-10-01,12,900,12.36,12.52,11132.46,11256.56,124.10,1.11
000002.SZ,2024-09-20,2024-10-01,11,400,12.44,12.52,4981.58,5002.92,21.34,0.43
000002.SZ,2024-09-23,2024-10-01,8,300,12.51,12.52,3758.46,3752.19,-6.27,-0.17
000002.SZ,2024-09-24,2024-10-01,7,300,12.58,12.52,3779.11,3752.19,-26.93,-0.71
000002.SZ,2024-09-25,2024-10-01,6,100,12.46,12.52,1250.79,1250.73,-0.06,-0.01
000002.SZ,2024-09-26,2024-10-01,5,100,12.59,12.52,1263.51,1250.73,-12.78,-1.01
000002.SZ,2024-09-30,2024-10-02,2,700,12.51,12.50,8765.04,8733.89,-31.15,-0.36
600036.SH,2024-09-24,2024-10-09,15,300,10.64,10.88,3198.29,3261.18,62.89,1.97
600036.SH,2024-09-26,2024-10-09,13,100,10.73,10.88,1078.04,1087.06,9.02,0.84
600036.SH,2024-09-30,2024-10-09,9,800,10.85,10.88,8682.83,8696.49,13.66,0.16
600036.SH,2024-10-01,2024-10-09,8,100,10.85,10.88,1089.86,1087.06,-2.80,-0.26
600036.SH,2024-10-02,2024-10-09,7,1300,10.68,10.88,13891.90,14131.79,239.89,1.73
600036.SH,2024-10-03,2024-10-09,6,700,10.80,10.88,7566.56,7609.43,42.86,0.57
601318.SH,2024-09-24,2024-10-10,16,300,10.57,10.86,3175.88,3253.08,77.20,2.43
601318.SH,2024-09-25,2024-10-10,15,100,10.77,10.86,1081.54,1084.36,2.82,0.26
601318.SH,2024-09-26,2024-10-10,14,100,10.81,10.86,1086.23,1084.36,-1.87,-0.17
601318.SH,2024-09-30,2024-10-10,10,800,10.79,10.86,8633.77,8674.88,41.11,0.48
601318.SH,2024-10-01,2024-10-10,9,100,10.67,10.86,1071.92,1084.36,12.44,1.16
601318.SH,2024-10-02,2024-10-10,8,1300,10.70,10.86,13912.29,14096.68,184.39,1.33
601318.SH,2024-10-03,2024-10-10,7,700,10.78,10.86,7551.54,7590.52,38.98,0.52
002475.SZ,2024-10-03,2024-10-14,11,500,13.71,13.56,6860.35,6771.57,-88.78,-1.29
002475.SZ,2024-10-10,2024-10-14,4,500,13.70,13.56,6855.13,6771.57,-83.56,-1.22
002475.SZ,2024-10-11,2024-10-15,4,500,13.62,13.36,6816.69,6666.53,-150.16,-2.20
600519.SH,2024-09-30,2024-10-16,16,800,10.41,10.58,8331.54,8452.55,121.02,1.45
600519.SH,2024-10-01,2024-10-16,15,100,10.40,10.58,1045.05,1056.57,11.52,1.10
600519.SH,2024-10-02,2024-10-16,14,1400,10.42,10.58,14599.36,14791.97,192.61,1.32
600519.SH,2024-10-03,2024-10-16,13,700,10.28,10.58,7200.02,7395.98,195.97,2.72
600519.SH,2024-10-10,2024-10-16,6,700,10.54,10.58,7384.60,7395.98,11.39,0.15
600519.SH,2024-10-11,2024-10-16,5,700,10.57,10.58,7402.35,7395.98,-6.36,-0.09
600519.SH,2024-10-15,2024-10-17,2,200,10.57,10.76,2118.44,2144.92,26.47,1.25
000002.SZ,2024-10-03,2024-10-21,18,600,12.79,13.09,7679.15,7843.64,164.49,2.14
000002.SZ,2024-10-10,2024-10-21,11,600,12.86,13.09,7719.04,7843.64,124.59,1.61
000002.SZ,2024-10-11,2024-10-21,10,600,12.67,13.09,7605.49,7843.64,238.14,3.13
000002.SZ,2024-10-15,2024-10-21,6,200,12.89,13.09,2583.80,2614.55,30.75,1.19
000002.SZ,2024-10-16,2024-10-21,5,100,12.95,13.09,1299.91,1307.27,7.36,0.57
000002.SZ,2024-10-17,2024-10-21,4,800,12.78,13.09,10230.22,10458.18,227.96,2.23
000002.SZ,2024-10-18,2024-10-22,4,200,13.05,13.04,2615.46,2601.02,-14.43,-0.55
000001.SZ,2024-10-17,2024-10-24,7,800,12.52,12.48,10019.36,9967.36,-52.00,-0.52
000001.SZ,2024-10-18,2024-10-24,6,200,12.54,12.48,2512.51,2491.84,-20.67,-0.82
000001.SZ,2024-10-22,2024-10-24,2,600,12.65,12.48,7596.82,7475.52,-121.30,-1.60
300750.SZ,2024-10-10,2024-10-28,18,600,11.92,12.21,7158.08,7317.32,159.24,2.22
300750.SZ,2024-10-15,2024-10-28,13,200,12.27,12.21,2458.72,2439.11,-19.61,-0.80
300750.SZ,2024-10-16,2024-10-28,12,100,12.22,12.21,1227.02,1219.55,-7.46,-0.61
300750.SZ,2024-10-17,2024-10-28,11,800,12.35,12.21,9882.99,9756.43,-126.56,-1.28
300750.SZ,2024-10-18,2024-10-28,10,200,12.36,12.21,2476.29,2439.11,-37.18,-1.50
300750.SZ,2024-10-22,2024-10-28,6,600,12.22,12.21,7336.45,7317.32,-19.13,-0.26
600036.SH,2024-10-10,2024-10-28,18,700,10.81,11.25,7573.55,7865.20,291.65,3.85
600036.SH,2024-10-11,2024-10-28,17,700,10.81,11.25,7568.95,7865.20,296.26,3.91
600036.SH,2024-10-15,2024-10-28,13,200,11.01,11.25,2207.33,2247.20,39.87,1.81
600036.SH,2024-10-16,2024-10-28,12,100,10.99,11.25,1103.88,1123.60,19.72,1.79
600036.SH,2024-10-18,2024-10-28,10,200,11.04,11.25,2212.33,2247.20,34.87,1.58
600036.SH,2024-10-22,2024-10-28,6,600,11.04,11.25,6627.86,6741.60,113.74,1.72
002475.SZ,2024-10-25,2024-10-29,4,200,13.55,13.57,2714.26,2705.99,-8.27,-0.30
300750.SZ,2024-10-25,2024-10-29,4,300,12.32,12.32,3700.29,3687.08,-13.21,-0.36
600036.SH,2024-10-25,2024-10-29,4,400,11.11,11.39,4450.04,4545.93,95.89,2.15
601318.SH,2024-10-11,2024-10-29,18,700,10.98,11.44,7692.65,7995.44,302.79,3.94
601318.SH,2024-10-15,2024-10-29,14,200,10.93,11.44,2191.08,2284.41,93.33,4.26
601318.SH,2024-10-16,2024-10-29,13,100,10.94,11.44,1098.76,1142.21,43.45,3.95
601318.SH,2024-10-17,2024-10-29,12,900,11.00,11.44,9906.70,10279.86,373.15,3.77
601318.SH,2024-10-18,2024-10-29,11,200,11.22,11.44,2248.55,2284.41,35.87,1.60
601318.SH,2024-10-22,2024-10-29,7,600,11.23,11.44,6741.72,6853.24,111.52,1.65
601318.SH,2024-10-25,2024-10-29,4,400,11.25,11.44,4506.14,4568.83,62.68,1.39
600519.SH,2024-10-18,2024-11-05,18,200,10.71,11.21,2146.09,2238.77,92.69,4.32
600519.SH,2024-10-22,2024-11-05,14,700,10.73,11.21,7516.58,7835.71,319.13,4.25
600519.SH,2024-10-25,2024-11-05,11,400,10.90,11.21,4363.23,4477.55,114.31,2.62
600519.SH,2024-10-29,2024-11-05,7,1000,10.93,11.21,10934.85,11193.86,259.01,2.37
600519.SH,2024-10-30,2024-11-05,6,1300,11.10,11.21,14436.78,14552.02,115.24,0.80
000002.SZ,2024-10-25,2024-11-07,13,300,13.16,13.01,3953.29,3896.94,-56.35,-1.43
000002.SZ,2024-10-29,2024-11-07,9,900,13.07,13.01,11769.67,11690.81,-78.86,-0.67
000002.SZ,2024-10-30,2024-11-07,8,1100,13.07,13.01,14378.56,14288.77,-89.79,-0.62
000002.SZ,2024-11-06,2024-11-11,5,600,13.04,12.90,7826.15,7724.55,-101.60,-1.30
000002.SZ,2024-11-08,2024-11-12,4,400,12.93,12.92,5175.24,5156.43,-18.81,-0.36
300750.SZ,2024-10-30,2024-11-13,14,1100,12.36,12.44,13598.17,13666.47,68.30,0.50
300750.SZ,2024-11-06,2024-11-13,7,600,12.52,12.44,7519.71,7454.44,-65.27,-0.87
300750.SZ,2024-11-08,2024-11-13,5,400,12.48,12.44,4997.63,4969.62,-28.01,-0.56
