date,cash,market_value,total_value,return_from_start_pct
2023-01-03,100000.00,0.00,100000.00,0.00
2023-01-03,100000.00,0.00,100000.00,0.00
2023-01-04,80505.07,19250.64,99755.71,-0.24
2023-01-05,48390.38,51141.11,99531.49,-0.47
2023-01-06,30708.56,68944.51,99653.07,-0.35
2023-01-09,12596.06,87260.29,99856.35,-0.14
2023-01-10,8094.59,91943.09,100037.67,0.04
2023-01-11,4825.39,95801.37,100626.76,0.63
2023-01-12,4825.39,96283.64,101109.03,1.11
2023-01-13,4825.39,96432.85,101258.25,1.26
2023-01-16,4825.39,96883.32,101708.71,1.71
2023-01-17,4825.39,96980.59,101805.98,1.81
2023-01-18,4825.39,97298.32,102123.71,2.12
2023-01-19,4825.39,97521.64,102347.03,2.35
2023-01-20,4825.39,97467.19,102292.59,2.29
2023-01-23,4825.39,97528.94,102354.33,2.35
2023-01-24,4825.39,97603.97,102429.36,2.43
2023-01-25,4825.39,97624.33,102449.73,2.45
2023-01-26,4825.39,97820.70,102646.09,2.65
2023-01-27,4825.39,97746.07,102571.46,2.57
2023-01-30,4825.39,97498.32,102323.71,2.32
2023-01-31,4825.39,97983.29,102808.68,2.81
2023-02-01,4825.39,98243.29,103068.69,3.07
2023-02-02,4825.39,98545.32,103370.72,3.37
2023-02-03,4825.39,98413.04,103238.43,3.24
2023-02-06,4825.39,98429.11,103254.50,3.25
2023-02-07,4825.39,98755.09,103580.48,3.58
2023-02-08,4825.39,98862.89,103688.28,3.69
2023-02-09,4825.39,99070.74,103896.13,3.90
2023-02-10,4825.39,99283.28,104108.68,4.11
2023-02-13,4825.39,99338.92,104164.31,4.16
2023-02-14,4825.39,99304.94,104130.33,4.13
2023-02-15,4825.39,99623.86,104449.25,4.45
2023-02-16,4825.39,99542.88,104368.27,4.37
2023-02-17,4825.39,99426.49,104251.88,4.25
2023-02-20,4825.39,99550.12,104375.51,4.38
2023-02-21,4825.39,99475.14,104300.54,4.30
2023-02-22,4825.39,99623.12,104448.51,4.45
2023-02-23,4825.39,99417.75,104243.15,4.24
2023-02-24,4825.39,99310.03,104135.42,4.14
2023-02-27,4825.39,99394.11,104219.50,4.22
2023-02-28,4825.39,99641.48,104466.87,4.47
2023-03-01,4825.39,99838.26,104663.65,4.66
2023-03-02,4825.39,99893.71,104719.10,4.72
2023-03-03,4825.39,100112.17,104937.57,4.94
2023-03-06,4825.39,99965.45,104790.85,4.79
2023-03-07,4825.39,99822.88,104648.28,4.65
2023-03-08,4825.39,99771.04,104596.43,4.60
2023-03-09,4825.39,99701.14,104526.53,4.53
2023-03-10,4825.39,99615.36,104440.76,4.44
2023-03-13,4825.39,99529.16,104354.56,4.35
2023-03-14,4825.39,99655.07,104480.46,4.48
2023-03-15,4825.39,99700.51,104525.91,4.53
2023-03-16,4825.39,99601.70,104427.09,4.43
2023-03-17,4825.39,99605.23,104430.62,4.43
2023-03-20,4825.39,99676.18,104501.57,4.50
2023-03-21,4825.39,99781.44,104606.84,4.61
2023-03-22,4825.39,99576.43,104401.82,4.40
2023-03-23,4825.39,99560.07,104385.47,4.39
2023-03-24,4825.39,99474.74,104300.14,4.30
2023-03-27,4825.39,99569.42,104394.81,4.39
2023-03-28,4825.39,99480.57,104305.96,4.31
2023-03-29,4825.39,99294.75,104120.14,4.12
2023-03-30,4825.39,98961.85,103787.24,3.79
2023-03-31,4825.39,98796.82,103622.22,3.62
2023-04-03,4825.39,98649.37,103474.76,3.47
2023-04-04,4825.39,98696.14,103521.54,3.52
2023-04-05,4825.39,98668.96,103494.35,3.49
2023-04-06,4825.39,98689.70,103515.09,3.52
2023-04-07,4825.39,98578.23,103403.63,3.40
2023-04-10,4825.39,98161.21,102986.60,2.99
2023-04-11,4825.39,98226.84,103052.24,3.05
2023-04-12,4825.39,98364.35,103189.75,3.19
2023-04-13,4825.39,98321.34,103146.73,3.15
2023-04-14,4825.39,98464.53,103289.93,3.29
2023-04-17,4825.39,98119.60,102945.00,2.94
2023-04-18,4825.39,98135.85,102961.24,2.96
2023-04-19,4825.39,98011.26,102836.65,2.84
2023-04-20,4825.39,97893.77,102719.16,2.72
2023-04-21,4825.39,97975.50,102800.89,2.80
2023-04-24,4825.39,97498.71,102324.10,2.32
2023-04-25,4825.39,97358.33,102183.72,2.18
2023-04-26,4825.39,97177.90,102003.30,2.00
2023-04-27,4825.39,97363.12,102188.51,2.19
2023-04-28,4825.39,97380.44,102205.84,2.21
2023-05-01,4825.39,97141.76,101967.15,1.97
2023-05-02,4825.39,96937.77,101763.17,1.76
2023-05-03,4825.39,97113.59,101938.99,1.94
2023-05-04,4825.39,97116.45,101941.84,1.94
2023-05-05,4825.39,97068.91,101894.30,1.89
2023-05-08,4825.39,97034.21,101859.61,1.86
2023-05-09,4825.39,96883.68,101709.08,1.71
2023-05-10,4825.39,96914.32,101739.71,1.74
2023-05-11,4825.39,96756.84,101582.23,1.58
2023-05-12,4825.39,96629.53,101454.92,1.45
2023-05-15,4825.39,96471.12,101296.52,1.30
2023-05-16,4825.39,96102.32,100927.71,0.93
2023-05-17,4825.39,96371.13,101196.52,1.20
2023-05-18,4825.39,96383.03,101208.42,1.21
2023-05-19,4825.39,96380.70,101206.10,1.21
2023-05-22,4825.39,96615.98,101441.37,1.44
2023-05-23,4825.39,96427.69,101253.08,1.25
2023-05-24,4825.39,96230.99,101056.38,1.06
2023-05-25,4825.39,96230.65,101056.04,1.06
2023-05-26,4825.39,96247.15,101072.54,1.07
2023-05-29,4825.39,96211.55,101036.95,1.04
2023-05-30,4825.39,96150.16,100975.55,0.98
2023-05-31,4825.39,96235.61,101061.00,1.06
2023-06-01,4825.39,96127.43,100952.83,0.95
2023-06-02,4825.39,96266.28,101091.67,1.09
2023-06-05,4825.39,96409.30,101234.69,1.23
2023-06-06,4825.39,95987.29,100812.68,0.81
2023-06-07,4825.39,95794.80,100620.20,0.62
2023-06-08,4825.39,95680.12,100505.52,0.51
2023-06-09,4825.39,96055.51,100880.90,0.88
2023-06-12,4825.39,95995.41,100820.81,0.82
2023-06-13,4825.39,96000.50,100825.90,0.83
2023-06-14,4825.39,95979.60,100804.99,0.80
2023-06-15,4825.39,95923.40,100748.80,0.75
2023-06-16,4825.39,96073.21,100898.60,0.90
2023-06-19,4825.39,96087.45,100912.84,0.91
2023-06-20,4825.39,96272.09,101097.48,1.10
2023-06-21,4825.39,96164.78,100990.18,0.99
2023-06-22,4825.39,96237.82,101063.22,1.06
2023-06-23,4825.39,96221.14,101046.54,1.05
2023-06-26,4825.39,96429.98,101255.38,1.26
2023-06-27,4825.39,96891.17,101716.56,1.72
2023-06-28,4825.39,96743.79,101569.18,1.57
2023-06-29,4825.39,96573.63,101399.02,1.40
2023-06-30,4825.39,96603.85,101429.24,1.43
2023-07-03,4825.39,96627.10,101452.50,1.45
2023-07-04,4825.39,96359.85,101185.25,1.19
2023-07-05,4825.39,96414.14,101239.53,1.24
2023-07-06,4825.39,96201.16,101026.55,1.03
2023-07-07,4825.39,96382.24,101207.63,1.21
2023-07-10,4825.39,96291.63,101117.02,1.12
2023-07-11,4825.39,96618.40,101443.79,1.44
2023-07-12,4825.39,96496.85,101322.25,1.32
2023-07-13,4825.39,96292.08,101117.47,1.12
2023-07-14,4825.39,96224.50,101049.90,1.05
2023-07-17,4825.39,96056.17,100881.56,0.88
2023-07-18,4825.39,96034.44,100859.84,0.86
2023-07-19,4825.39,96155.83,100981.23,0.98
2023-07-20,4825.39,95927.14,100752.53,0.75
2023-07-21,4825.39,95886.59,100711.98,0.71
2023-07-24,4825.39,95942.24,100767.63,0.77
2023-07-25,4825.39,96049.90,100875.29,0.88
2023-07-26,4825.39,95847.48,100672.88,0.67
2023-07-27,4825.39,95679.51,100504.90,0.50
2023-07-28,4825.39,95544.10,100369.49,0.37
2023-07-31,4825.39,95433.96,100259.35,0.26
2023-08-01,4825.39,95467.38,100292.77,0.29
2023-08-02,4825.39,95494.43,100319.83,0.32
2023-08-03,4825.39,95297.21,100122.60,0.12
2023-08-04,4825.39,95042.81,99868.20,-0.13
2023-08-07,4825.39,94927.67,99753.06,-0.25
2023-08-08,4825.39,94706.81,99532.20,-0.47
2023-08-09,4825.39,94940.76,99766.16,-0.23
2023-08-10,4825.39,94947.94,99773.33,-0.23
2023-08-11,4825.39,94899.02,99724.41,-0.28
2023-08-14,4825.39,94688.69,99514.08,-0.49
2023-08-15,4825.39,94367.38,99192.77,-0.81
2023-08-16,4825.39,94276.68,99102.07,-0.90
2023-08-17,4825.39,94377.30,99202.70,-0.80
2023-08-18,4825.39,94189.39,99014.79,-0.99
2023-08-21,4825.39,94289.52,99114.91,-0.89
2023-08-22,4825.39,94206.83,99032.22,-0.97
2023-08-23,4825.39,94294.60,99119.99,-0.88
2023-08-24,4825.39,94457.19,99282.59,-0.72
2023-08-25,4825.39,94201.95,99027.35,-0.97
2023-08-28,4825.39,94233.18,99058.58,-0.94
2023-08-29,4825.39,94224.54,99049.93,-0.95
2023-08-30,4825.39,94045.18,98870.57,-1.13
2023-08-31,4825.39,94001.48,98826.87,-1.17
2023-09-01,4825.39,93854.68,98680.07,-1.32
2023-09-04,4825.39,93690.25,98515.65,-1.48
2023-09-05,4825.39,93721.72,98547.11,-1.45
2023-09-06,4825.39,93659.84,98485.24,-1.51
2023-09-07,4825.39,93656.41,98481.81,-1.52
2023-09-08,4825.39,93440.17,98265.56,-1.73
2023-09-11,4825.39,93782.90,98608.29,-1.39
2023-09-12,4825.39,93794.16,98619.55,-1.38
2023-09-13,4825.39,93744.82,98570.22,-1.43
2023-09-14,4825.39,93467.47,98292.86,-1.71
2023-09-15,4825.39,93573.42,98398.81,-1.60
2023-09-18,4825.39,93609.01,98434.40,-1.57
2023-09-19,4825.39,93840.23,98665.62,-1.33
2023-09-20,4825.39,93836.35,98661.74,-1.34
2023-09-21,4825.39,93679.14,98504.54,-1.50
2023-09-22,4825.39,93251.67,98077.06,-1.92
2023-09-25,4825.39,92754.54,97579.93,-2.42
2023-09-26,4825.39,92586.82,97412.21,-2.59
2023-09-27,4825.39,92754.16,97579.55,-2.42
2023-09-28,4825.39,92859.15,97684.55,-2.32
2023-09-29,4825.39,92497.31,97322.70,-2.68
2023-10-02,4825.39,92347.86,97173.25,-2.83
2023-10-03,4825.39,92545.91,97371.30,-2.63
2023-10-04,4825.39,92351.63,97177.02,-2.82
2023-10-05,4825.39,92212.17,97037.56,-2.96
2023-10-06,4825.39,92029.49,96854.88,-3.15
2023-10-09,4825.39,91917.97,96743.36,-3.26
2023-10-10,4825.39,92147.14,96972.53,-3.03
2023-10-11,4825.39,92355.35,97180.75,-2.82
2023-10-12,4825.39,92707.99,97533.38,-2.47
2023-10-13,4825.39,92717.31,97542.71,-2.46
2023-10-16,4825.39,92657.75,97483.14,-2.52
2023-10-17,4825.39,92673.34,97498.73,-2.50
2023-10-18,4825.39,92834.34,97659.73,-2.34
2023-10-19,4825.39,93041.24,97866.64,-2.13
2023-10-20,4825.39,93215.68,98041.07,-1.96
2023-10-23,4825.39,93978.89,98804.28,-1.20
2023-10-24,4825.39,94134.86,98960.26,-1.04
2023-10-25,4825.39,94314.39,99139.78,-0.86
2023-10-26,4825.39,94712.20,99537.59,-0.46
2023-10-27,4825.39,94792.24,99617.64,-0.38
2023-10-30,4825.39,94758.21,99583.60,-0.42
2023-10-31,4825.39,94957.44,99782.83,-0.22
2023-11-01,4825.39,94888.41,99713.81,-0.29
2023-11-02,4825.39,94852.06,99677.45,-0.32
2023-11-03,4825.39,94855.52,99680.91,-0.32
2023-11-06,4825.39,94992.64,99818.04,-0.18
2023-11-07,4825.39,95388.66,100214.05,0.21
2023-11-08,4825.39,95094.61,99920.00,-0.08
2023-11-09,4825.39,95268.78,100094.17,0.09
2023-11-10,4825.39,95026.64,99852.03,-0.15
2023-11-13,4825.39,95136.49,99961.88,-0.04
2023-11-14,4825.39,95420.76,100246.15,0.25
2023-11-15,4825.39,95662.47,100487.86,0.49
2023-11-16,4825.39,95576.26,100401.66,0.40
2023-11-17,4825.39,95601.62,100427.02,0.43
2023-11-20,4825.39,95755.74,100581.13,0.58
2023-11-21,4825.39,96005.83,100831.22,0.83
2023-11-22,4825.39,96417.11,101242.51,1.24
2023-11-23,4825.39,96801.66,101627.06,1.63
2023-11-24,4825.39,97077.94,101903.33,1.90
2023-11-27,4825.39,97573.93,102399.32,2.40
2023-11-28,4825.39,97813.65,102639.04,2.64
2023-11-29,4825.39,97817.62,102643.02,2.64
2023-11-30,4825.39,97911.02,102736.41,2.74
2023-12-01,4825.39,98092.95,102918.35,2.92
2023-12-04,4825.39,98577.52,103402.92,3.40
2023-12-05,4825.39,98736.70,103562.10,3.56
2023-12-06,4825.39,98875.53,103700.92,3.70
2023-12-07,4825.39,99106.21,103931.60,3.93
2023-12-08,4825.39,99494.32,104319.72,4.32
2023-12-11,4825.39,99571.55,104396.94,4.40
2023-12-12,4825.39,99578.20,104403.59,4.40
2023-12-13,4825.39,99833.45,104658.85,4.66
2023-12-14,4825.39,99868.34,104693.74,4.69
2023-12-15,4825.39,100490.45,105315.85,5.32
2023-12-18,4825.39,100585.35,105410.74,5.41
2023-12-19,4825.39,100723.17,105548.56,5.55
2023-12-20,4825.39,101014.94,105840.33,5.84
2023-12-21,4825.39,101666.30,106491.69,6.49
2023-12-22,4825.39,102213.33,107038.72,7.04
2023-12-25,4825.39,102200.66,107026.06,7.03
2023-12-26,4825.39,102304.23,107129.63,7.13
2023-12-27,4825.39,102603.62,107429.02,7.43
2023-12-28,4825.39,102856.47,107681.86,7.68
2023-12-29,4825.39,103034.37,107859.76,7.86
2024-01-01,4825.39,103480.88,108306.28,8.31
2024-01-02,4825.39,103555.66,108381.05,8.38
2024-01-03,4825.39,103773.86,108599.25,8.60
2024-01-04,4825.39,103246.00,108071.40,8.07
2024-01-05,4825.39,103264.38,108089.77,8.09
2024-01-08,4825.39,103372.76,108198.16,8.20
2024-01-09,4825.39,103491.26,108316.65,8.32
2024-01-10,4825.39,103842.85,108668.24,8.67
2024-01-11,4825.39,103762.66,108588.06,8.59
2024-01-12,4825.39,103875.05,108700.44,8.70
2024-01-15,4825.39,104123.13,108948.52,8.95
2024-01-16,4825.39,104554.25,109379.64,9.38
2024-01-17,4825.39,104464.10,109289.49,9.29
2024-01-18,4825.39,104578.31,109403.70,9.40
2024-01-19,4825.39,104725.47,109550.86,9.55
2024-01-22,4825.39,104700.71,109526.11,9.53
2024-01-23,4825.39,104953.22,109778.62,9.78
2024-01-24,4825.39,105162.81,109988.21,9.99
2024-01-25,4825.39,105122.59,109947.98,9.95
2024-01-26,4825.39,105085.86,109911.26,9.91
2024-01-29,4825.39,105189.98,110015.37,10.02
2024-01-30,4825.39,105267.49,110092.88,10.09
2024-01-31,4825.39,105351.17,110176.56,10.18
2024-02-01,4825.39,105540.08,110365.48,10.37
2024-02-02,4825.39,105438.31,110263.70,10.26
2024-02-05,4825.39,105904.70,110730.09,10.73
2024-02-06,4825.39,105556.07,110381.46,10.38
2024-02-07,4825.39,105484.01,110309.40,10.31
2024-02-08,4825.39,105629.23,110454.62,10.45
2024-02-09,4825.39,105714.71,110540.11,10.54
2024-02-12,4825.39,105454.32,110279.71,10.28
2024-02-13,4825.39,105540.24,110365.63,10.37
2024-02-14,4825.39,105475.28,110300.67,10.30
2024-02-15,4825.39,105521.12,110346.52,10.35
2024-02-16,4825.39,105531.05,110356.44,10.36
2024-02-19,4825.39,105584.12,110409.51,10.41
2024-02-20,4825.39,105407.57,110232.97,10.23
2024-02-21,4825.39,105445.40,110270.80,10.27
2024-02-22,4825.39,105360.43,110185.82,10.19
2024-02-23,4825.39,105372.00,110197.39,10.20
2024-02-26,4825.39,105420.04,110245.44,10.25
2024-02-27,4825.39,105426.75,110252.15,10.25
2024-02-28,4825.39,105260.89,110086.28,10.09
2024-02-29,4825.39,105360.67,110186.06,10.19
2024-03-01,4825.39,105422.55,110247.95,10.25
2024-03-04,4825.39,105346.83,110172.23,10.17
2024-03-05,4825.39,105243.93,110069.33,10.07
2024-03-06,4825.39,105466.45,110291.85,10.29
2024-03-07,4825.39,105383.17,110208.56,10.21
2024-03-08,4825.39,105522.47,110347.86,10.35
2024-03-11,4825.39,105286.92,110112.31,10.11
2024-03-12,4825.39,105153.70,109979.10,9.98
2024-03-13,4825.39,105056.72,109882.11,9.88
2024-03-14,4825.39,104970.11,109795.50,9.80
2024-03-15,4825.39,104914.20,109739.60,9.74
2024-03-18,4825.39,104907.11,109732.51,9.73
2024-03-19,4825.39,104686.44,109511.83,9.51
2024-03-20,4825.39,104793.04,109618.43,9.62
2024-03-21,4825.39,104498.26,109323.65,9.32
2024-03-22,4825.39,104653.19,109478.58,9.48
2024-03-25,4825.39,104445.06,109270.45,9.27
2024-03-26,4825.39,104244.64,109070.03,9.07
2024-03-27,4825.39,104362.01,109187.40,9.19
2024-03-28,4825.39,104165.61,108991.00,8.99
2024-03-29,4825.39,104248.80,109074.19,9.07
2024-04-01,4825.39,103856.11,108681.50,8.68
2024-04-02,4825.39,103787.00,108612.39,8.61
2024-04-03,4825.39,103803.19,108628.58,8.63
2024-04-04,4825.39,103837.96,108663.35,8.66
2024-04-05,4825.39,103816.98,108642.37,8.64
2024-04-08,4825.39,103989.55,108814.95,8.81
2024-04-09,4825.39,103980.33,108805.72,8.81
2024-04-10,4825.39,103825.51,108650.90,8.65
2024-04-11,4825.39,103727.51,108552.90,8.55
2024-04-12,4825.39,103578.59,108403.98,8.40
2024-04-15,4825.39,103730.61,108556.01,8.56
2024-04-16,4825.39,103611.05,108436.45,8.44
2024-04-17,4825.39,103576.88,108402.28,8.40
2024-04-18,4825.39,103443.28,108268.68,8.27
2024-04-19,4825.39,103526.94,108352.33,8.35
2024-04-22,4825.39,103442.20,108267.59,8.27
2024-04-23,4825.39,103301.70,108127.09,8.13
2024-04-24,4825.39,103244.66,108070.05,8.07
2024-04-25,4825.39,103316.93,108142.32,8.14
2024-04-26,4825.39,103209.08,108034.47,8.03
2024-04-29,4825.39,103369.31,108194.70,8.19
2024-04-30,4825.39,103536.62,108362.01,8.36
2024-05-01,4825.39,103313.13,108138.52,8.14
2024-05-02,4825.39,103089.23,107914.62,7.91
2024-05-03,4825.39,102813.46,107638.85,7.64
2024-05-06,4825.39,102883.32,107708.71,7.71
2024-05-07,4825.39,102715.40,107540.79,7.54
2024-05-08,4825.39,103013.16,107838.55,7.84
2024-05-09,4825.39,103100.46,107925.85,7.93
2024-05-10,4825.39,103077.22,107902.61,7.90
2024-05-13,4825.39,103021.32,107846.72,7.85
2024-05-14,4825.39,103008.03,107833.42,7.83
2024-05-15,4825.39,103003.83,107829.22,7.83
2024-05-16,4825.39,103061.91,107887.31,7.89
2024-05-17,4825.39,103262.00,108087.40,8.09
2024-05-20,4825.39,103118.23,107943.63,7.94
2024-05-21,4825.39,103383.04,108208.43,8.21
2024-05-22,4825.39,103557.81,108383.21,8.38
2024-05-23,4825.39,103660.83,108486.22,8.49
2024-05-24,4825.39,103846.17,108671.56,8.67
2024-05-27,4825.39,103985.05,108810.44,8.81
2024-05-28,4825.39,104028.63,108854.02,8.85
2024-05-29,4825.39,104125.79,108951.18,8.95
2024-05-30,4825.39,104230.91,109056.30,9.06
2024-05-31,4825.39,104246.30,109071.69,9.07
2024-06-03,4825.39,104205.67,109031.07,9.03
2024-06-04,4825.39,104355.19,109180.58,9.18
2024-06-05,4825.39,104406.98,109232.37,9.23
2024-06-06,4825.39,104578.11,109403.50,9.40
2024-06-07,4825.39,104832.72,109658.11,9.66
2024-06-10,4825.39,105090.72,109916.11,9.92
2024-06-11,4825.39,105121.84,109947.24,9.95
2024-06-12,4825.39,105272.75,110098.14,10.10
2024-06-13,4825.39,105377.92,110203.31,10.20
2024-06-14,4825.39,105661.73,110487.13,10.49
2024-06-17,4825.39,105668.75,110494.14,10.49
2024-06-18,4825.39,105424.96,110250.35,10.25
2024-06-19,4825.39,105230.60,110055.99,10.06
2024-06-20,4825.39,104901.88,109727.27,9.73
2024-06-21,4825.39,104894.05,109719.44,9.72
2024-06-24,4825.39,104692.31,109517.70,9.52
2024-06-25,4825.39,104654.02,109479.41,9.48
2024-06-26,4825.39,104715.50,109540.90,9.54
2024-06-27,4825.39,105083.71,109909.10,9.91
2024-06-28,4825.39,105109.00,109934.39,9.93
2024-07-01,4825.39,104909.52,109734.91,9.73
2024-07-02,4825.39,104630.35,109455.74,9.46
2024-07-03,4825.39,104757.83,109583.22,9.58
2024-07-04,4825.39,104510.88,109336.28,9.34
2024-07-05,4825.39,104818.48,109643.87,9.64
2024-07-08,4825.39,105051.85,109877.24,9.88
2024-07-09,4825.39,104787.86,109613.25,9.61
2024-07-10,4825.39,104495.57,109320.96,9.32
2024-07-11,4825.39,104582.22,109407.61,9.41
2024-07-12,4825.39,104215.90,109041.29,9.04
2024-07-15,4825.39,104389.08,109214.47,9.21
2024-07-16,4825.39,104281.23,109106.62,9.11
2024-07-17,4825.39,104121.56,108946.95,8.95
2024-07-18,4825.39,103997.76,108823.16,8.82
2024-07-19,4825.39,104004.83,108830.23,8.83
2024-07-22,4825.39,103838.82,108664.21,8.66
2024-07-23,4825.39,103910.08,108735.47,8.74
2024-07-24,4825.39,103712.67,108538.06,8.54
2024-07-25,4825.39,103745.86,108571.25,8.57
2024-07-26,4825.39,103509.48,108334.87,8.33
2024-07-29,4825.39,103620.19,108445.59,8.45
2024-07-30,4825.39,103643.89,108469.29,8.47
2024-07-31,4825.39,103586.14,108411.54,8.41
2024-08-01,4825.39,103266.98,108092.37,8.09
2024-08-02,4825.39,103409.08,108234.47,8.23
2024-08-05,4825.39,103396.02,108221.41,8.22
2024-08-06,4825.39,103162.07,107987.46,7.99
2024-08-07,4825.39,103316.06,108141.45,8.14
2024-08-08,4825.39,103350.91,108176.30,8.18
2024-08-09,4825.39,103457.46,108282.85,8.28
2024-08-12,4825.39,103342.24,108167.63,8.17
2024-08-13,4825.39,103364.50,108189.89,8.19
2024-08-14,4825.39,103535.51,108360.90,8.36
2024-08-15,4825.39,103426.90,108252.29,8.25
2024-08-16,4825.39,103405.44,108230.83,8.23
2024-08-19,4825.39,103213.25,108038.64,8.04
2024-08-20,4825.39,103392.40,108217.79,8.22
2024-08-21,4825.39,103182.73,108008.12,8.01
2024-08-22,4825.39,103194.89,108020.28,8.02
2024-08-23,4825.39,103375.34,108200.73,8.20
2024-08-26,4825.39,103040.36,107865.75,7.87
2024-08-27,4825.39,102738.73,107564.13,7.56
2024-08-28,4825.39,102457.41,107282.81,7.28
2024-08-29,4825.39,102365.99,107191.38,7.19
2024-08-30,4825.39,102340.24,107165.64,7.17
2024-09-02,4825.39,102516.83,107342.22,7.34
2024-09-03,4825.39,102513.30,107338.70,7.34
2024-09-04,4825.39,102866.18,107691.57,7.69
2024-09-05,4825.39,102448.57,107273.96,7.27
2024-09-06,4825.39,102096.44,106921.84,6.92
2024-09-09,4825.39,102272.71,107098.11,7.10
2024-09-10,4825.39,102354.44,107179.84,7.18
2024-09-11,4825.39,102378.77,107204.17,7.20
2024-09-12,4825.39,101981.92,106807.31,6.81
2024-09-13,4825.39,101933.58,106758.97,6.76
2024-09-16,4825.39,101823.22,106648.61,6.65
2024-09-17,4825.39,101913.70,106739.09,6.74
2024-09-18,4825.39,101843.11,106668.50,6.67
2024-09-19,4825.39,101822.94,106648.34,6.65
2024-09-20,4825.39,101989.54,106814.93,6.81
2024-09-23,4825.39,101962.17,106787.57,6.79
2024-09-24,4825.39,102077.45,106902.84,6.90
2024-09-25,4825.39,102627.56,107452.95,7.45
2024-09-26,4825.39,102627.51,107452.91,7.45
2024-09-27,4825.39,102716.64,107542.04,7.54
2024-09-30,4825.39,102791.50,107616.89,7.62
2024-10-01,4825.39,102819.00,107644.40,7.64
2024-10-02,4825.39,102947.82,107773.22,7.77
2024-10-03,4825.39,102969.35,107794.75,7.79
2024-10-04,4825.39,103037.81,107863.20,7.86
2024-10-07,4825.39,102824.28,107649.68,7.65
2024-10-08,4825.39,103425.71,108251.10,8.25
2024-10-09,4825.39,103578.45,108403.85,8.40
2024-10-10,4825.39,103582.06,108407.46,8.41
2024-10-11,4825.39,103826.84,108652.24,8.65
2024-10-14,4825.39,103858.28,108683.67,8.68
2024-10-15,4825.39,103970.53,108795.93,8.80
2024-10-16,4825.39,104419.87,109245.27,9.25
2024-10-17,4825.39,104717.57,109542.97,9.54
2024-10-18,4825.39,104914.15,109739.55,9.74
2024-10-21,4825.39,105160.19,109985.58,9.99
2024-10-22,4825.39,105317.55,110142.95,10.14
2024-10-23,4825.39,105128.03,109953.43,9.95
2024-10-24,4825.39,105260.27,110085.66,10.09
2024-10-25,4825.39,105654.95,110480.34,10.48
2024-10-28,4825.39,106032.24,110857.63,10.86
2024-10-29,4825.39,106249.90,111075.29,11.08
2024-10-30,4825.39,106571.04,111396.43,11.40
2024-10-31,4825.39,106740.27,111565.66,11.57
2024-11-01,4825.39,107265.41,112090.80,12.09
2024-11-04,4825.39,107571.42,112396.82,12.40
2024-11-05,4825.39,107780.33,112605.72,12.61
2024-11-06,4825.39,107912.44,112737.84,12.74
2024-11-07,4825.39,107965.74,112791.14,12.79
2024-11-08,4825.39,108209.12,113034.51,13.03
2024-11-11,4825.39,108447.00,113272.40,13.27
2024-11-12,4825.39,108456.77,113282.17,13.28
