event_type,symbol,signal_id,intended_execution_date,reason,requested_quantity,generated_quantity,sellable_quantity,total_quantity
zero_quantity,000001.SZ,diagnostic-stop-loss:v1:000001.SZ:2023-04-11:entry,2023-04-12,insufficient_capital_for_one_lot,,,,
zero_quantity,000001.SZ,diagnostic-stop-loss:v1:000001.SZ:2023-04-12:entry,2023-04-13,insufficient_capital_for_one_lot,,,,
zero_quantity,000001.SZ,diagnostic-stop-loss:v1:000001.SZ:2023-04-13:entry,2023-04-14,insufficient_capital_for_one_lot,,,,
zero_quantity,000001.SZ,diagnostic-stop-loss:v1:000001.SZ:2023-04-14:entry,2023-04-17,insufficient_capital_for_one_lot,,,,
zero_quantity,000001.SZ,diagnostic-stop-loss:v1:000001.SZ:2023-04-19:entry,2023-04-20,insufficient_capital_for_one_lot,,,,
zero_quantity,000001.SZ,diagnostic-stop-loss:v1:000001.SZ:2023-04-21:entry,2023-04-24,insufficient_capital_for_one_lot,,,,
zero_quantity,000001.SZ,diagnostic-stop-loss:v1:000001.SZ:2023-04-27:entry,2023-04-28,insufficient_capital_for_one_lot,,,,
zero_quantity,000001.SZ,diagnostic-stop-loss:v1:000001.SZ:2023-04-28:entry,2023-05-01,insufficient_capital_for_one_lot,,,,
zero_quantity,000001.SZ,diagnostic-stop-loss:v1:000001.SZ:2023-05-03:entry,2023-05-04,insufficient_capital_for_one_lot,,,,
zero_quantity,000001.SZ,diagnostic-stop-loss:v1:000001.SZ:2023-05-04:entry,2023-05-05,insufficient_capital_for_one_lot,,,,
zero_quantity,000001.SZ,diagnostic-stop-loss:v1:000001.SZ:2023-05-05:entry,2023-05-08,insufficient_capital_for_one_lot,,,,
zero_quantity,000001.SZ,diagnostic-stop-loss:v1:000001.SZ:2023-05-08:entry,2023-05-09,insufficient_capital_for_one_lot,,,,
zero_quantity,000001.SZ,diagnostic-stop-loss:v1:000001.SZ:2023-05-09:entry,2023-05-10,insufficient_capital_for_one_lot,,,,
zero_quantity,000001.SZ,diagnostic-stop-loss:v1:000001.SZ:2023-05-19:entry,2023-05-22,insufficient_capital_for_one_lot,,,,
zero_quantity,000001.SZ,diagnostic-stop-loss:v1:000001.SZ:2023-05-22:entry,2023-05-23,insufficient_capital_for_one_lot,,,,
zero_quantity,000001.SZ,diagnostic-stop-loss:v1:000001.SZ:2023-05-30:entry,2023-05-31,insufficient_capital_for_one_lot,,,,
zero_quantity,000001.SZ,diagnostic-stop-loss:v1:000001.SZ:2023-05-31:entry,2023-06-01,insufficient_capital_for_one_lot,,,,
zero_quantity,000001.SZ,diagnostic-stop-loss:v1:000001.SZ:2023-06-01:entry,2023-06-02,insufficient_capital_for_one_lot,,,,
zero_quantity,000001.SZ,diagnostic-stop-loss:v1:000001.SZ:2023-06-02:entry,2023-06-05,insufficient_capital_for_one_lot,,,,
zero_quantity,000001.SZ,diagnostic-stop-loss:v1:000001.SZ:2023-06-05:entry,2023-06-06,insufficient_capital_for_one_lot,,,,
zero_quantity,000001.SZ,diagnostic-stop-loss:v1:000001.SZ:2023-06-09:entry,2023-06-12,insufficient_capital_for_one_lot,,,,
zero_quantity,000001.SZ,diagnostic-stop-loss:v1:000001.SZ:2023-06-12:entry,2023-06-13,insufficient_capital_for_one_lot,,,,
zero_quantity,000001.SZ,diagnostic-stop-loss:v1:000001.SZ:2023-06-13:entry,2023-06-14,insufficient_capital_for_one_lot,,,,
zero_quantity,000001.SZ,diagnostic-stop-loss:v1:000001.SZ:2023-06-14:entry,2023-06-15,insufficient_capital_for_one_lot,,,,
zero_quantity,000001.SZ,diagnostic-stop-loss:v1:000001.SZ:2023-06-16:entry,2023-06-19,insufficient_capital_for_one_lot,,,,
zero_quantity,000001.SZ,diagnostic-stop-loss:v1:000001.SZ:2023-06-19:entry,2023-06-20,insufficient_capital_for_one_lot,,,,
zero_quantity,000001.SZ,diagnostic-stop-loss:v1:000001.SZ:2023-06-20:entry,2023-06-21,insufficient_capital_for_one_lot,,,,
zero_quantity,000001.SZ,diagnostic-stop-loss:v1:000001.SZ:2023-06-21:entry,2023-06-22,insufficient_capital_for_one_lot,,,,
zero_quantity,000001.SZ,diagnostic-stop-loss:v1:000001.SZ:2023-06-22:entry,2023-06-23,insufficient_capital_for_one_lot,,,,
zero_quantity,000001.SZ,diagnostic-stop-loss:v1:000001.SZ:2023-06-26:entry,2023-06-27,insufficient_capital_for_one_lot,,,,
zero_quantity,000001.SZ,diagnostic-stop-loss:v1:000001.SZ:2023-06-27:entry,2023-06-28,insufficient_capital_for_one_lot,,,,
zero_quantity,000001.SZ,diagnostic-stop-loss:v1:000001.SZ:2023-06-28:entry,2023-06-29,insufficient_capital_for_one_lot,,,,
zero_quantity,000001.SZ,diagnostic-stop-loss:v1:000001.SZ:2023-06-29:entry,2023-06-30,insufficient_capital_for_one_lot,,,,
