trade_id,order_id,symbol,direction,quantity,price,trade_date,gross_amount,commission,stamp_duty,transfer_fee,total_fee,net_cash_flow
trade:order:strategy_004_breakdown_reversal_negative:v1:000001.SZ:2023-02-28:entry:2023-03-01,order:strategy_004_breakdown_reversal_negative:v1:000001.SZ:2023-02-28:entry:2023-03-01,000001.SZ,buy,1800,9.88,2023-03-01,17788.84,5.34,0.00,0.00,5.34,-17794.18
trade:order:strategy_004_breakdown_reversal_negative:v1:600519.SH:2023-02-28:entry:2023-03-01,order:strategy_004_breakdown_reversal_negative:v1:600519.SH:2023-02-28:entry:2023-03-01,600519.SH,buy,1400,13.10,2023-03-01,18333.33,5.50,0.00,0.00,5.50,-18338.83
trade:order:strategy_004_breakdown_reversal_negative:v1:300750.SZ:2023-02-28:entry:2023-03-01,order:strategy_004_breakdown_reversal_negative:v1:300750.SZ:2023-02-28:entry:2023-03-01,300750.SZ,buy,1200,14.69,2023-03-01,17632.67,5.29,0.00,0.00,5.29,-17637.96
trade:order:strategy_004_breakdown_reversal_negative:v1:000001.SZ:2023-03-06:exit:2023-03-07,order:strategy_004_breakdown_reversal_negative:v1:000001.SZ:2023-03-06:exit:2023-03-07,000001.SZ,sell,1800,9.73,2023-03-07,17509.05,5.25,17.51,0.00,22.76,17486.29
trade:order:strategy_004_breakdown_reversal_negative:v1:600519.SH:2023-03-06:exit:2023-03-07,order:strategy_004_breakdown_reversal_negative:v1:600519.SH:2023-03-06:exit:2023-03-07,600519.SH,sell,1400,13.04,2023-03-07,18257.35,5.48,18.26,0.00,23.73,18233.61
trade:order:strategy_004_breakdown_reversal_negative:v1:300750.SZ:2023-03-06:exit:2023-03-07,order:strategy_004_breakdown_reversal_negative:v1:300750.SZ:2023-03-06:exit:2023-03-07,300750.SZ,sell,1200,14.70,2023-03-07,17638.97,5.29,17.64,0.00,22.93,17616.04
trade:order:strategy_004_breakdown_reversal_negative:v1:000001.SZ:2023-05-09:entry:2023-05-10,order:strategy_004_breakdown_reversal_negative:v1:000001.SZ:2023-05-09:entry:2023-05-10,000001.SZ,buy,1800,10.20,2023-05-10,18355.42,5.51,0.00,0.00,5.51,-18360.93
trade:order:strategy_004_breakdown_reversal_negative:v1:600519.SH:2023-05-09:entry:2023-05-10,order:strategy_004_breakdown_reversal_negative:v1:600519.SH:2023-05-09:entry:2023-05-10,600519.SH,buy,1400,11.99,2023-05-10,16783.10,5.03,0.00,0.00,5.03,-16788.14
trade:order:strategy_004_breakdown_reversal_negative:v1:300750.SZ:2023-05-09:entry:2023-05-10,order:strategy_004_breakdown_reversal_negative:v1:300750.SZ:2023-05-09:entry:2023-05-10,300750.SZ,buy,1200,14.53,2023-05-10,17434.12,5.23,0.00,0.00,5.23,-17439.35
trade:order:strategy_004_breakdown_reversal_negative:v1:000001.SZ:2023-05-15:exit:2023-05-16,order:strategy_004_breakdown_reversal_negative:v1:000001.SZ:2023-05-15:exit:2023-05-16,000001.SZ,sell,1800,10.07,2023-05-16,18122.53,5.44,18.12,0.00,23.56,18098.97
trade:order:strategy_004_breakdown_reversal_negative:v1:600519.SH:2023-05-15:exit:2023-05-16,order:strategy_004_breakdown_reversal_negative:v1:600519.SH:2023-05-15:exit:2023-05-16,600519.SH,sell,1400,11.95,2023-05-16,16734.66,5.02,16.73,0.00,21.76,16712.90
trade:order:strategy_004_breakdown_reversal_negative:v1:300750.SZ:2023-05-15:exit:2023-05-16,order:strategy_004_breakdown_reversal_negative:v1:300750.SZ:2023-05-15:exit:2023-05-16,300750.SZ,sell,1200,14.47,2023-05-16,17369.61,5.21,17.37,0.00,22.58,17347.03
trade:order:strategy_004_breakdown_reversal_negative:v1:000001.SZ:2023-08-01:entry:2023-08-02,order:strategy_004_breakdown_reversal_negative:v1:000001.SZ:2023-08-01:entry:2023-08-02,000001.SZ,buy,1800,10.31,2023-08-02,18550.48,5.57,0.00,0.00,5.57,-18556.04
trade:order:strategy_004_breakdown_reversal_negative:v1:600519.SH:2023-08-01:entry:2023-08-02,order:strategy_004_breakdown_reversal_negative:v1:600519.SH:2023-08-01:entry:2023-08-02,600519.SH,buy,1500,11.81,2023-08-02,17720.20,5.32,0.00,0.00,5.32,-17725.51
trade:order:strategy_004_breakdown_reversal_negative:v1:300750.SZ:2023-08-01:entry:2023-08-02,order:strategy_004_breakdown_reversal_negative:v1:300750.SZ:2023-08-01:entry:2023-08-02,300750.SZ,buy,1200,14.53,2023-08-02,17441.54,5.23,0.00,0.00,5.23,-17446.77
trade:order:strategy_004_breakdown_reversal_negative:v1:000001.SZ:2023-08-07:exit:2023-08-08,order:strategy_004_breakdown_reversal_negative:v1:000001.SZ:2023-08-07:exit:2023-08-08,000001.SZ,sell,1800,10.32,2023-08-08,18578.69,5.57,18.58,0.00,24.15,18554.54
trade:order:strategy_004_breakdown_reversal_negative:v1:600519.SH:2023-08-07:exit:2023-08-08,order:strategy_004_breakdown_reversal_negative:v1:600519.SH:2023-08-07:exit:2023-08-08,600519.SH,sell,1500,11.65,2023-08-08,17477.70,5.24,17.48,0.00,22.72,17454.98
trade:order:strategy_004_breakdown_reversal_negative:v1:300750.SZ:2023-08-07:exit:2023-08-08,order:strategy_004_breakdown_reversal_negative:v1:300750.SZ:2023-08-07:exit:2023-08-08,300750.SZ,sell,1200,14.48,2023-08-08,17370.66,5.21,17.37,0.00,22.58,17348.08
trade:order:strategy_004_breakdown_reversal_negative:v1:000001.SZ:2023-11-21:entry:2023-11-22,order:strategy_004_breakdown_reversal_negative:v1:000001.SZ:2023-11-21:entry:2023-11-22,000001.SZ,buy,1600,11.12,2023-11-22,17794.65,5.34,0.00,0.00,5.34,-17799.98
trade:order:strategy_004_breakdown_reversal_negative:v1:600519.SH:2023-11-21:entry:2023-11-22,order:strategy_004_breakdown_reversal_negative:v1:600519.SH:2023-11-21:entry:2023-11-22,600519.SH,buy,1600,11.43,2023-11-22,18281.59,5.48,0.00,0.00,5.48,-18287.07
trade:order:strategy_004_breakdown_reversal_negative:v1:300750.SZ:2023-11-21:entry:2023-11-22,order:strategy_004_breakdown_reversal_negative:v1:300750.SZ:2023-11-21:entry:2023-11-22,300750.SZ,buy,1300,13.40,2023-11-22,17414.43,5.22,0.00,0.00,5.22,-17419.65
trade:order:strategy_004_breakdown_reversal_negative:v1:000001.SZ:2023-11-27:exit:2023-11-28,order:strategy_004_breakdown_reversal_negative:v1:000001.SZ:2023-11-27:exit:2023-11-28,000001.SZ,sell,1600,11.30,2023-11-28,18076.84,5.42,18.08,0.00,23.50,18053.34
trade:order:strategy_004_breakdown_reversal_negative:v1:600519.SH:2023-11-27:exit:2023-11-28,order:strategy_004_breakdown_reversal_negative:v1:600519.SH:2023-11-27:exit:2023-11-28,600519.SH,sell,1600,11.54,2023-11-28,18464.43,5.54,18.46,0.00,24.00,18440.43
trade:order:strategy_004_breakdown_reversal_negative:v1:300750.SZ:2023-11-27:exit:2023-11-28,order:strategy_004_breakdown_reversal_negative:v1:300750.SZ:2023-11-27:exit:2023-11-28,300750.SZ,sell,1300,13.54,2023-11-28,17602.46,5.28,17.60,0.00,22.88,17579.58
trade:order:strategy_004_breakdown_reversal_negative:v1:000001.SZ:2024-03-26:entry:2024-03-27,order:strategy_004_breakdown_reversal_negative:v1:000001.SZ:2024-03-26:entry:2024-03-27,000001.SZ,buy,1600,11.74,2024-03-27,18789.09,5.64,0.00,0.00,5.64,-18794.73
trade:order:strategy_004_breakdown_reversal_negative:v1:600519.SH:2024-03-26:entry:2024-03-27,order:strategy_004_breakdown_reversal_negative:v1:600519.SH:2024-03-26:entry:2024-03-27,600519.SH,buy,1400,12.17,2024-03-27,17039.57,5.11,0.00,0.00,5.11,-17044.68
trade:order:strategy_004_breakdown_reversal_negative:v1:300750.SZ:2024-03-26:entry:2024-03-27,order:strategy_004_breakdown_reversal_negative:v1:300750.SZ:2024-03-26:entry:2024-03-27,300750.SZ,buy,1300,13.11,2024-03-27,17040.50,5.11,0.00,0.00,5.11,-17045.62
trade:order:strategy_004_breakdown_reversal_negative:v1:000001.SZ:2024-04-01:exit:2024-04-02,order:strategy_004_breakdown_reversal_negative:v1:000001.SZ:2024-04-01:exit:2024-04-02,000001.SZ,sell,1600,11.94,2024-04-02,19098.85,5.73,19.10,0.00,24.83,19074.02
trade:order:strategy_004_breakdown_reversal_negative:v1:600519.SH:2024-04-01:exit:2024-04-02,order:strategy_004_breakdown_reversal_negative:v1:600519.SH:2024-04-01:exit:2024-04-02,600519.SH,sell,1400,12.08,2024-04-02,16917.79,5.08,16.92,0.00,21.99,16895.80
trade:order:strategy_004_breakdown_reversal_negative:v1:300750.SZ:2024-04-01:exit:2024-04-02,order:strategy_004_breakdown_reversal_negative:v1:300750.SZ:2024-04-01:exit:2024-04-02,300750.SZ,sell,1300,13.14,2024-04-02,17082.64,5.12,17.08,0.00,22.21,17060.44
trade:order:strategy_004_breakdown_reversal_negative:v1:000001.SZ:2024-07-30:entry:2024-07-31,order:strategy_004_breakdown_reversal_negative:v1:000001.SZ:2024-07-30:entry:2024-07-31,000001.SZ,buy,1500,12.28,2024-07-31,18420.79,5.53,0.00,0.00,5.53,-18426.31
trade:order:strategy_004_breakdown_reversal_negative:v1:600519.SH:2024-07-30:entry:2024-07-31,order:strategy_004_breakdown_reversal_negative:v1:600519.SH:2024-07-30:entry:2024-07-31,600519.SH,buy,1600,11.02,2024-07-31,17632.23,5.29,0.00,0.00,5.29,-17637.52
trade:order:strategy_004_breakdown_reversal_negative:v1:300750.SZ:2024-07-30:entry:2024-07-31,order:strategy_004_breakdown_reversal_negative:v1:300750.SZ:2024-07-30:entry:2024-07-31,300750.SZ,buy,1400,12.42,2024-07-31,17385.17,5.22,0.00,0.00,5.22,-17390.39
trade:order:strategy_004_breakdown_reversal_negative:v1:000001.SZ:2024-08-05:exit:2024-08-06,order:strategy_004_breakdown_reversal_negative:v1:000001.SZ:2024-08-05:exit:2024-08-06,000001.SZ,sell,1500,12.39,2024-08-06,18579.10,5.57,18.58,0.00,24.15,18554.95
trade:order:strategy_004_breakdown_reversal_negative:v1:600519.SH:2024-08-05:exit:2024-08-06,order:strategy_004_breakdown_reversal_negative:v1:600519.SH:2024-08-05:exit:2024-08-06,600519.SH,sell,1600,10.78,2024-08-06,17243.09,5.17,17.24,0.00,22.42,17220.67
trade:order:strategy_004_breakdown_reversal_negative:v1:300750.SZ:2024-08-05:exit:2024-08-06,order:strategy_004_breakdown_reversal_negative:v1:300750.SZ:2024-08-05:exit:2024-08-06,300750.SZ,sell,1400,12.33,2024-08-06,17257.33,5.18,17.26,0.00,22.43,17234.89
